Date,Platform,Campaign Name,Reach,Impressions,Clicks,Engagements,Conversions,Ad Spend (₹),Revenue (₹),ROI
2024-05-10,LinkedIn,Back to School,115268,171154,1618,6731,167,53387.75,55676.67,0.04
2022-05-11,YouTube,Valentine Offer,326879,521906,10217,8970,1725,148870.68,275368.86,0.85
2022-01-22,YouTube,Mega Launch,491232,622840,13578,35482,3236,25226.61,32709.98,0.3
2024-09-02,LinkedIn,Mega Launch,324030,391833,4768,17874,884,29726.0,27068.13,-0.09
2023-01-23,Instagram,Mega Launch,244629,419702,9959,7504,1860,39948.69,78361.27,0.96
2023-05-24,LinkedIn,Weekend Offer,303064,502257,6973,30000,1373,66647.6,76878.06,0.15
2023-12-04,Facebook,Brand Awareness,207283,405052,6369,5140,587,110454.44,149678.94,0.36
2024-10-13,YouTube,Super Saver,472281,556079,13990,30716,2963,45735.5,78783.21,0.72
2024-11-30,YouTube,Christmas Special,459444,575196,20810,11756,3067,47555.79,39182.91,-0.18
2023-08-16,LinkedIn,Summer Sale,134312,147978,4904,13156,1262,21801.01,49428.9,1.27
2024-02-19,Facebook,New Year Blast,356279,484757,6016,18962,1104,110792.9,208716.95,0.88
2024-08-18,LinkedIn,Diwali Deals,144182,303520,5281,3911,1505,39217.81,48446.39,0.24
2024-03-05,Instagram,Christmas Special,223126,346535,9266,20396,1326,97279.51,129810.28,0.33
2022-04-06,Twitter,Weekend Offer,216428,323306,8538,6006,966,38175.73,35536.48,-0.07
2023-08-01,Facebook,Super Saver,440773,621925,15659,11508,1577,121532.45,135772.3,0.12
2022-07-09,Instagram,New Year Blast,133376,332290,5362,9443,895,56122.48,73976.62,0.32
2023-12-11,LinkedIn,End of Season,386245,390993,17407,37079,1533,141721.91,191245.92,0.35
2023-03-18,Twitter,Mega Launch,319877,386195,14847,30335,3926,26472.6,66079.81,1.5
2023-11-30,Instagram,Valentine Offer,117859,231040,2032,10521,324,136698.55,165030.04,0.21
2024-12-12,Twitter,Brand Awareness,240167,398548,7936,9734,1858,115434.84,138981.68,0.2
2024-02-06,YouTube,Festive Bonanza,111081,308886,3040,8508,760,26854.04,44683.46,0.66
2023-04-09,YouTube,Summer Sale,316955,451838,10267,20582,2963,108116.68,235278.31,1.18
2024-05-13,Twitter,End of Season,89896,162191,3496,4182,1045,24940.54,34413.28,0.38
2023-04-18,Facebook,Winter Giveaway,289062,376043,14451,22427,2509,30368.46,75000.57,1.47
2024-05-30,Facebook,New Year Blast,370871,484764,15623,28349,3889,132982.27,149046.81,0.12
2024-03-26,LinkedIn,Festive Bonanza,11295,133180,231,897,34,128384.63,306913.66,1.39
2022-04-14,Twitter,Weekend Offer,184426,311489,4401,9280,318,146181.26,187501.68,0.28
2024-05-27,Facebook,Valentine Offer,7869,201076,246,317,15,39401.12,53316.79,0.35
2023-02-05,Instagram,Mega Launch,112450,285340,4570,3294,977,90531.27,223079.72,1.46
2023-07-17,LinkedIn,Flash Sale,54377,234853,1340,2046,383,77383.04,137154.25,0.77
2024-12-08,Instagram,Mega Launch,129123,279784,3815,3651,562,133106.63,275680.06,1.07
2024-11-26,YouTube,New Year Blast,136373,313681,1969,5897,285,128686.37,167364.75,0.3
2024-09-07,Instagram,Summer Sale,259079,286720,4406,5750,905,19090.59,35231.92,0.85
2024-05-03,Facebook,Christmas Special,87074,98803,2279,5798,216,106067.28,211521.8,0.99
2024-11-28,YouTube,Brand Awareness,155262,337023,7538,4946,1296,93669.49,87928.5,-0.06
2024-06-21,Instagram,Festive Bonanza,337460,340828,15413,13404,1169,12361.44,28520.92,1.31
2024-04-13,LinkedIn,End of Season,57921,239719,1727,2873,255,124277.08,175519.51,0.41
2023-03-20,YouTube,New Year Blast,478351,629931,7834,31173,1610,127093.35,143672.18,0.13
2022-02-16,LinkedIn,Winter Giveaway,208687,283210,8885,8638,1079,108616.29,94476.05,-0.13
2022-04-30,LinkedIn,Mega Launch,108481,222047,2453,10477,248,105916.26,158368.11,0.5
2024-12-17,Facebook,New Year Blast,397942,576189,11784,13195,1148,31515.57,75285.77,1.39
2024-06-15,YouTube,Winter Giveaway,34375,176109,923,2981,240,40920.99,57500.27,0.41
2024-09-23,Instagram,Super Saver,459605,470040,15906,22488,2936,129041.78,257595.57,1.0
2024-06-30,Facebook,Brand Awareness,171319,293491,6359,13253,1629,72377.7,137851.67,0.9
2023-06-06,YouTube,Festive Bonanza,73385,200516,3542,5197,618,77650.78,133321.86,0.72
2023-05-31,Facebook,New Year Blast,54115,146122,1392,2769,246,88138.22,89764.42,0.02
2024-08-14,LinkedIn,Flash Sale,256492,361183,10566,10665,1719,136275.84,154379.39,0.13
2023-02-01,Twitter,Christmas Special,270517,414750,13443,7492,3446,15322.35,20566.56,0.34
2024-08-27,Facebook,Weekend Offer,70953,129411,1325,5393,261,105469.1,146831.15,0.39
2023-02-17,Twitter,End of Season,65692,111117,2548,3817,318,88509.06,180894.92,1.04
2024-09-04,Instagram,Winter Giveaway,433127,624230,11688,41141,620,39596.54,77440.38,0.96
2022-10-06,Instagram,Summer Sale,419568,606709,17779,22788,1483,124836.33,167790.55,0.34
2023-11-30,LinkedIn,New Year Blast,84459,233310,3336,5860,430,51300.48,123896.06,1.42
2024-04-30,Facebook,Christmas Special,144407,232307,4584,10154,624,52656.36,102326.12,0.94
2023-07-23,YouTube,Diwali Deals,157617,180306,4558,9693,860,69021.92,159378.32,1.31
2022-08-23,LinkedIn,Valentine Offer,108150,288358,2034,4702,501,19662.79,18541.65,-0.06
2022-06-19,Instagram,Valentine Offer,224930,244995,3789,18305,553,58743.11,128163.32,1.18
2023-05-26,Instagram,Super Saver,358411,526392,11003,27038,2360,117686.3,205867.14,0.75
2022-04-01,Facebook,Brand Awareness,229786,246271,6565,9343,1081,72955.79,65347.64,-0.1
2023-04-21,YouTube,Christmas Special,178416,222334,4856,10098,589,144515.02,207708.55,0.44
2024-04-03,Instagram,Black Friday,247804,363625,4583,8583,913,145632.43,127191.26,-0.13
2022-03-21,YouTube,Flash Sale,212611,235343,8316,9897,1581,70908.45,132375.35,0.87
2023-10-18,Instagram,Flash Sale,346003,446660,14435,17943,1688,62205.66,61053.94,-0.02
2023-01-08,Facebook,Mega Launch,328673,431696,6031,14056,1502,43561.0,61533.69,0.41
2024-01-10,LinkedIn,Black Friday,388934,495550,9209,20994,2496,123000.28,241577.84,0.96
2024-07-13,YouTube,Weekend Offer,127402,246414,5759,8261,1169,110229.33,203131.25,0.84
2023-03-26,Facebook,Back to School,325285,481150,10670,11629,1548,59587.19,129777.36,1.18
2022-08-12,Instagram,Flash Sale,67292,92125,734,6681,121,125228.81,221334.22,0.77
2022-04-15,LinkedIn,Christmas Special,398600,400004,12161,23130,1125,105298.59,179890.92,0.71
2024-02-10,YouTube,Winter Giveaway,290668,302584,7715,26375,1553,39957.3,45894.04,0.15
2022-01-01,LinkedIn,Super Saver,415316,473407,8697,34963,2576,21465.85,41679.69,0.94
2023-11-05,LinkedIn,Flash Sale,168121,206252,3665,4439,418,86336.01,197736.32,1.29
2023-02-05,YouTube,Diwali Deals,344853,514366,13762,27811,2838,24773.86,20431.64,-0.18
2024-03-16,Facebook,Valentine Offer,209625,348638,9098,14401,1785,84379.71,132184.85,0.57
2024-10-16,Facebook,Summer Sale,48088,152284,1379,1098,251,127103.26,267826.93,1.11
2024-09-10,YouTube,Valentine Offer,340621,356009,8975,11112,2621,96843.12,117010.46,0.21
2022-04-21,Instagram,Winter Giveaway,216791,354953,8198,16982,2128,64690.88,147905.34,1.29
2023-10-29,YouTube,Valentine Offer,33732,156197,1411,1702,161,55404.79,47319.46,-0.15
2024-04-17,Instagram,Diwali Deals,371824,520803,6111,35129,850,23668.52,32216.86,0.36
2024-03-04,Instagram,Christmas Special,403456,578749,14512,37820,3122,27761.76,40015.42,0.44
2022-12-03,Facebook,Festive Bonanza,215176,406647,3427,4605,809,138986.06,166977.59,0.2
2022-01-28,Facebook,Super Saver,372257,377878,17345,36999,2513,127443.9,264362.95,1.07
2024-03-16,LinkedIn,Summer Sale,171926,219197,7469,16210,400,7910.32,10659.43,0.35
2022-03-27,Facebook,Weekend Offer,52915,58547,2601,2661,523,119429.83,196742.94,0.65
2022-04-21,Twitter,Christmas Special,31069,44979,1057,3093,152,57646.93,109417.29,0.9
2022-11-11,YouTube,Black Friday,270956,431052,12213,23263,3319,37673.26,53537.72,0.42
2023-09-16,Twitter,Weekend Offer,192210,269335,7648,7579,1204,127135.54,112868.43,-0.11
2023-06-27,YouTube,Festive Bonanza,276255,446437,2767,14184,212,130498.53,285664.22,1.19
2024-05-30,LinkedIn,Weekend Offer,239936,294377,3245,15752,553,74109.83,164938.12,1.23
2022-11-22,Facebook,Black Friday,69323,162245,1416,1610,89,40149.41,39957.6,-0.0
2022-03-31,YouTube,Weekend Offer,287762,321016,9865,24165,2799,12514.41,17172.61,0.37
2022-01-10,YouTube,Winter Giveaway,408081,542372,11121,26605,1747,122431.79,150944.82,0.23
2022-11-25,Instagram,End of Season,252754,346824,6017,14365,617,113166.31,169124.91,0.49
2023-01-11,LinkedIn,End of Season,201513,287068,3585,6590,474,109631.5,96668.77,-0.12
2024-05-22,YouTube,Weekend Offer,428739,518600,19811,27856,1067,80844.49,113991.69,0.41
2024-12-01,Instagram,Valentine Offer,310447,501726,12614,13151,3099,83268.25,128721.55,0.55
2024-09-19,Instagram,New Year Blast,170088,182334,6298,7434,1134,136438.46,253939.89,0.86
2022-07-17,LinkedIn,Winter Giveaway,350266,375785,9069,31056,2099,94910.55,162001.29,0.71
2024-07-11,Twitter,Super Saver,277933,376653,3899,16818,604,112872.21,96732.06,-0.14
2023-08-21,Facebook,Brand Awareness,370060,546004,17129,34830,4084,83279.79,135480.21,0.63
2022-11-20,Twitter,Super Saver,287753,436303,5551,12653,1592,108845.97,197920.06,0.82
2022-01-11,Facebook,Back to School,81325,226396,2883,2440,489,142356.08,150996.72,0.06
2022-05-21,Facebook,End of Season,151400,340414,3153,3855,839,140157.15,246778.4,0.76
2024-06-06,YouTube,Back to School,5126,58455,142,388,15,66498.95,136452.87,1.05
2024-02-18,Instagram,Weekend Offer,289260,457576,6309,7430,734,23076.09,54584.9,1.37
2023-07-21,LinkedIn,Back to School,461590,530834,16309,18755,4023,34809.07,74465.05,1.14
2024-07-25,LinkedIn,Christmas Special,330875,512635,4933,16931,631,72526.52,117306.05,0.62
2022-12-13,Instagram,Flash Sale,46914,175652,1671,2143,234,88756.63,95978.99,0.08
2022-06-26,YouTube,Christmas Special,271901,291998,13114,21679,2147,79700.18,195936.54,1.46
2023-11-20,Twitter,Black Friday,160989,258720,6791,13135,1722,77818.28,141018.75,0.81
2024-09-16,LinkedIn,Flash Sale,431935,622073,6398,11355,603,95621.52,137899.06,0.44
2024-11-08,Facebook,New Year Blast,69077,108335,883,6464,156,63110.64,110531.25,0.75
2024-04-10,Twitter,New Year Blast,57487,188435,628,2630,140,81353.88,175828.08,1.16
2022-02-24,Twitter,Valentine Offer,221454,332029,3046,17029,910,41813.84,47391.48,0.13
2022-11-24,Instagram,Christmas Special,467052,540310,11888,33501,1881,19419.0,23562.87,0.21
2024-03-24,LinkedIn,Festive Bonanza,321915,450072,9831,27827,1313,134968.69,110958.2,-0.18
2024-02-14,Instagram,Winter Giveaway,458716,644182,8039,23033,1709,66106.56,153204.72,1.32
2024-03-25,YouTube,Festive Bonanza,221586,325731,3624,8997,299,43869.23,81642.97,0.86
2024-07-22,Instagram,Valentine Offer,460732,599887,15700,26985,2088,21564.5,37992.77,0.76
2022-02-28,Instagram,Valentine Offer,40954,69810,934,1339,85,106332.65,157833.28,0.48
2023-05-09,Twitter,Brand Awareness,243009,370687,11426,21318,2746,22073.91,39293.28,0.78
2024-07-22,Facebook,New Year Blast,420396,543225,17078,10029,1194,24848.42,57897.61,1.33
2023-10-08,LinkedIn,Back to School,232595,411495,8461,19807,877,88127.68,196064.86,1.22
2024-09-07,Twitter,Weekend Offer,172469,302044,5949,6516,1683,31733.78,30260.47,-0.05
2024-03-04,YouTube,Diwali Deals,189074,279673,8709,13109,621,48082.65,84764.32,0.76
2022-04-08,YouTube,Back to School,420008,480137,11915,17342,2357,127021.8,284388.26,1.24
2022-12-31,LinkedIn,Valentine Offer,183376,348369,3357,5787,879,55973.32,84057.88,0.5
2022-03-02,LinkedIn,Back to School,60337,171953,1665,5432,311,5339.21,13054.84,1.45
2022-04-12,Facebook,Mega Launch,56474,149222,1604,1458,136,69670.84,77663.9,0.11
2022-08-04,LinkedIn,Back to School,148326,332258,4635,4716,604,97398.58,240280.4,1.47
2023-04-11,Instagram,Mega Launch,82454,174054,2385,1695,406,107308.4,254634.48,1.37
2024-09-07,Facebook,Winter Giveaway,49813,219083,1126,4586,192,32926.86,32794.48,-0.0
2024-04-06,YouTube,Valentine Offer,303206,489515,5451,25490,673,80753.01,153085.85,0.9
2024-09-21,Twitter,Mega Launch,455348,590403,17204,37641,4447,119654.86,160562.37,0.34
2023-12-23,Instagram,Super Saver,84273,160132,3783,5206,499,71981.71,178772.35,1.48
2022-09-08,YouTube,Super Saver,231577,412192,6125,11837,1119,55853.21,117527.45,1.1
2023-04-22,YouTube,Mega Launch,280128,314167,6312,23757,1577,62751.67,59983.62,-0.04
2022-12-06,YouTube,New Year Blast,37733,40783,1829,1919,466,46649.65,60818.26,0.3
2022-10-20,Instagram,New Year Blast,266044,433516,7154,20472,1724,23043.45,55901.26,1.43
2022-03-02,YouTube,Flash Sale,233731,403376,3143,12876,218,93944.65,101832.03,0.08
2023-07-18,Twitter,Flash Sale,395727,584778,9386,16990,1858,38447.12,42295.59,0.1
2022-08-06,Instagram,New Year Blast,191626,337897,5761,5628,341,145519.88,335050.21,1.3
2024-11-09,Facebook,New Year Blast,293316,468262,10590,24716,1378,105922.99,112450.29,0.06
2022-06-09,LinkedIn,Black Friday,59028,67315,1482,3210,162,90976.29,162496.99,0.79
2024-08-09,LinkedIn,Flash Sale,496036,562196,22562,47704,2483,10136.24,13779.08,0.36
2024-08-12,Facebook,Back to School,372739,407481,7860,22117,1667,109895.92,180557.76,0.64
2023-03-30,YouTube,Mega Launch,408119,543211,13068,28582,1625,128425.0,210841.63,0.64
2022-08-12,YouTube,Summer Sale,417345,546667,5764,19649,327,87031.13,109132.52,0.25
2022-08-04,LinkedIn,Back to School,203747,400901,8996,5778,811,39610.05,94317.61,1.38
2022-12-22,LinkedIn,Black Friday,58947,213553,2769,1734,168,124743.43,127123.38,0.02
2022-12-29,YouTube,Weekend Offer,47534,140775,830,4279,246,114712.19,142216.75,0.24
2024-12-05,LinkedIn,New Year Blast,133232,300136,5787,9673,988,6315.5,13842.03,1.19
2024-10-04,LinkedIn,Weekend Offer,34257,208536,1335,2120,125,31027.11,64576.35,1.08
2022-10-05,Twitter,Festive Bonanza,88807,266418,2153,6602,298,107684.95,98477.46,-0.09
2024-06-04,Instagram,Black Friday,288097,403779,9233,8114,1164,103027.58,160530.27,0.56
2024-02-02,LinkedIn,Festive Bonanza,367876,395959,8804,31961,1346,124119.38,177753.47,0.43
2024-08-04,LinkedIn,Brand Awareness,232286,408927,5678,18933,1405,70451.12,75957.61,0.08
2024-06-05,YouTube,Super Saver,153554,177965,3358,14464,853,103672.4,198290.99,0.91
2024-04-28,Twitter,Back to School,365027,399783,7766,13746,1256,97586.26,144028.58,0.48
2023-07-24,Twitter,Black Friday,418198,552250,19703,34794,4041,99491.69,141924.38,0.43
2023-05-07,LinkedIn,Back to School,288707,460120,3871,11550,797,117606.54,248216.5,1.11
2022-07-18,LinkedIn,Super Saver,87879,258778,1570,7412,393,145289.13,162038.07,0.12
2023-06-11,Instagram,Weekend Offer,265550,278086,4530,7074,746,34076.09,55738.63,0.64
2023-12-27,YouTube,Diwali Deals,236809,292424,2951,8903,420,103666.21,152640.89,0.47
2023-08-30,LinkedIn,Super Saver,439904,505192,21561,41779,4840,20214.88,24489.85,0.21
2024-06-07,Twitter,Festive Bonanza,302632,378073,12153,28483,848,52336.89,87931.72,0.68
2024-03-11,Instagram,Super Saver,482085,595840,22121,25166,1195,104972.42,226845.13,1.16
2024-09-20,Facebook,Winter Giveaway,423219,486987,10322,10389,2572,140750.78,125036.12,-0.11
2023-07-07,Facebook,Mega Launch,369359,527720,17864,10776,2000,54220.28,118482.3,1.19
2022-01-07,LinkedIn,Festive Bonanza,103511,302018,4496,2091,633,74731.06,64962.36,-0.13
2024-05-23,LinkedIn,Valentine Offer,216957,290672,3729,17951,428,36786.03,90455.78,1.46
2023-11-16,YouTube,Winter Giveaway,269500,340826,13222,22080,2650,109284.26,129870.47,0.19
2022-11-08,Instagram,Flash Sale,250378,442765,11449,17739,2712,65667.97,75260.95,0.15
2024-06-21,Twitter,New Year Blast,470757,584097,21249,10371,3133,66696.53,92580.75,0.39
2023-06-16,Twitter,Back to School,381369,498769,8516,14190,1698,110162.36,179271.31,0.63
2023-08-01,Facebook,Festive Bonanza,391821,569243,16119,37262,2199,46158.91,65109.76,0.41
2023-06-14,YouTube,Christmas Special,324200,483762,6833,29763,818,31054.05,37383.6,0.2
2022-11-30,Facebook,Winter Giveaway,294060,359384,14184,10529,3074,19122.04,28463.83,0.49
2022-01-14,Instagram,Festive Bonanza,242697,289590,5642,6966,1468,100226.82,135589.16,0.35
2023-04-05,Twitter,Super Saver,388894,508048,6969,19747,977,29614.9,49860.11,0.68
2024-04-23,Instagram,New Year Blast,404492,485022,11159,31129,2917,29221.08,31703.49,0.08
2023-11-18,YouTube,Mega Launch,97324,108171,2552,7889,282,130311.35,227893.5,0.75
2024-08-14,Twitter,Valentine Offer,348681,547257,12994,32592,930,10704.81,10786.03,0.01
2022-07-17,YouTube,Diwali Deals,239554,401482,11595,6020,1614,26509.76,65671.87,1.48
2022-05-06,Facebook,End of Season,356537,418749,12965,22528,1894,41862.56,70619.67,0.69
2024-07-07,Twitter,Black Friday,17115,57177,554,649,106,141273.87,289036.19,1.05
2024-10-28,Facebook,Diwali Deals,128008,283276,5892,12270,379,42019.45,80877.99,0.92
2023-03-03,Facebook,Weekend Offer,453625,483250,20040,33161,4721,130368.28,274618.56,1.11
2024-09-13,Instagram,Weekend Offer,428875,531251,17886,28085,2221,99428.78,97560.33,-0.02
2024-10-06,Instagram,New Year Blast,209456,321735,9018,4677,1797,99324.19,208662.69,1.1
2022-01-19,Facebook,Valentine Offer,363796,464100,12679,25047,1987,59472.48,77592.42,0.3
2023-03-31,Instagram,Diwali Deals,8726,98878,162,316,28,60160.86,104225.65,0.73
2022-11-01,Instagram,Summer Sale,420659,501632,15736,19620,4479,98173.52,205269.58,1.09
2024-10-23,YouTube,Brand Awareness,273615,441318,13429,6649,1335,60128.36,88869.64,0.48
2024-09-01,Twitter,Festive Bonanza,340914,499952,8854,22991,1332,80578.95,177118.08,1.2
2023-09-11,YouTube,Mega Launch,306454,363542,11970,10275,921,140493.22,196375.6,0.4
2024-08-21,YouTube,Festive Bonanza,228725,397175,9181,18041,2130,50139.62,92134.93,0.84
2022-01-02,Instagram,Super Saver,421387,508752,5499,38161,1182,31764.84,41356.97,0.3
2023-03-21,Facebook,Back to School,160683,281574,3081,15362,538,59158.9,100277.21,0.7
2023-07-13,LinkedIn,Super Saver,216830,414331,9453,5636,1715,38071.57,44181.15,0.16
2022-01-10,Facebook,End of Season,80388,112789,3434,7902,890,85712.37,105820.19,0.23
2022-02-19,LinkedIn,Festive Bonanza,143299,307281,4705,9865,380,116165.14,122495.76,0.05
2022-08-30,YouTube,Christmas Special,31160,49793,983,1253,197,18878.61,15861.54,-0.16
2023-02-23,Twitter,Winter Giveaway,290855,383513,11749,14977,3224,96642.25,86917.42,-0.1
2024-07-09,Facebook,Summer Sale,9358,75466,238,740,64,69639.68,141485.45,1.03
2023-04-04,Twitter,Weekend Offer,459162,498629,22216,43076,3711,136301.09,288066.72,1.11
2022-02-05,YouTube,New Year Blast,209451,355733,2166,14295,177,56474.46,51844.71,-0.08
2023-07-15,Twitter,Valentine Offer,206659,218415,4541,7743,386,83301.73,191271.97,1.3
2022-03-08,Twitter,Super Saver,312257,387326,8371,27920,1650,149344.67,232798.32,0.56
2022-04-26,Twitter,Brand Awareness,459179,503007,20427,19709,4395,34135.38,58402.46,0.71
2023-03-22,Instagram,Winter Giveaway,261911,331530,12742,25341,3664,73858.55,107116.66,0.45
2022-12-14,LinkedIn,Back to School,34301,229084,706,3054,155,102375.97,98074.09,-0.04
2023-02-10,Facebook,Back to School,96878,102773,2152,2949,566,118394.07,237364.24,1.0
2023-04-26,Facebook,Super Saver,129481,166066,3790,8551,1023,62562.32,97612.5,0.56
2022-11-07,LinkedIn,Black Friday,70450,81832,1045,6844,152,61701.2,101927.92,0.65
2023-07-15,Facebook,Black Friday,292313,380781,4749,17267,370,25485.32,29572.41,0.16
2022-03-14,YouTube,Summer Sale,273865,462091,6963,24839,1837,143811.82,255146.68,0.77
2022-09-23,Instagram,Valentine Offer,341664,537476,17016,27476,944,75623.98,138439.53,0.83
2024-04-01,YouTube,Festive Bonanza,16138,183508,185,1462,42,14884.98,12561.14,-0.16
2023-06-21,Twitter,Super Saver,396099,405066,16375,19792,909,50213.34,83376.3,0.66
2024-09-15,Twitter,Christmas Special,345357,463764,5337,19237,519,92370.21,131180.2,0.42
2022-10-14,LinkedIn,Diwali Deals,47913,145946,823,1599,166,149255.62,134065.42,-0.1
2024-12-15,Instagram,Winter Giveaway,195546,241482,7173,16346,1710,118490.93,148250.95,0.25
2022-09-20,Twitter,New Year Blast,102539,150390,2663,7721,233,94206.82,124412.46,0.32
2024-03-30,Twitter,Mega Launch,254062,312071,12240,10774,1379,33220.26,47345.21,0.43
2022-04-02,YouTube,Super Saver,81373,151625,1322,6929,127,74794.9,62276.24,-0.17
2023-10-23,Facebook,Winter Giveaway,111297,248911,2012,8581,573,39974.21,98296.0,1.46
2022-12-04,YouTube,Super Saver,136743,137906,1831,7326,278,98683.07,162715.31,0.65
2022-07-02,YouTube,Brand Awareness,15749,120880,702,937,116,74022.63,106519.31,0.44
2023-07-08,YouTube,Brand Awareness,384504,438856,18372,7706,4109,50734.0,99937.3,0.97
2023-07-26,YouTube,New Year Blast,225169,316522,6148,13409,1065,100606.32,233577.71,1.32
2022-07-19,Instagram,Christmas Special,471832,479931,19634,39547,3129,11935.47,10319.85,-0.14
2022-03-28,LinkedIn,New Year Blast,274932,304014,11348,8209,2235,78744.0,114880.56,0.46
2023-01-01,Twitter,Flash Sale,206139,332565,8554,14881,1770,66523.05,62561.6,-0.06
2023-01-03,Twitter,New Year Blast,153702,215765,5376,11625,1188,146518.67,283439.73,0.93
2024-08-20,Instagram,Festive Bonanza,102661,241712,2639,6338,500,51721.25,52388.3,0.01
2024-02-09,YouTube,Diwali Deals,44071,158061,1751,4240,466,27712.57,24230.5,-0.13
2022-09-30,Facebook,Winter Giveaway,181072,335312,6393,9567,1164,68713.72,126570.49,0.84
2024-02-29,Twitter,Weekend Offer,412507,591383,15560,36185,4284,133604.11,253564.35,0.9
2022-05-02,Instagram,Mega Launch,448624,493574,6682,37016,1355,71778.23,160165.77,1.23
2022-08-26,Twitter,Flash Sale,492679,682692,15699,33240,4652,110552.34,108728.7,-0.02
2022-08-01,Twitter,Flash Sale,184761,230399,3333,7777,572,126901.94,259611.25,1.05
2023-02-25,YouTube,New Year Blast,261695,271401,11510,23270,2641,26977.56,25881.91,-0.04
2022-04-18,Instagram,Diwali Deals,165878,255077,2019,10670,243,122704.07,252882.11,1.06
2023-05-30,Instagram,Festive Bonanza,249839,444857,7841,15043,1265,100346.25,133317.94,0.33
2022-10-29,LinkedIn,Flash Sale,81865,245593,2977,6769,540,85362.84,69049.18,-0.19
2023-08-25,Facebook,Black Friday,171923,199755,7812,4475,2046,143920.65,205158.78,0.43
2023-08-10,LinkedIn,Christmas Special,272254,458667,10100,22953,1202,58404.88,91265.69,0.56
2024-11-09,Facebook,Back to School,202621,318535,9347,5880,1959,5272.58,5816.89,0.1
2022-07-21,Twitter,Mega Launch,38848,208724,1431,3096,189,131768.06,219681.93,0.67
2022-12-02,Facebook,Winter Giveaway,273787,311514,13512,5636,1268,92311.12,77447.72,-0.16
2024-07-03,Instagram,Christmas Special,142069,198575,5921,3504,1428,113159.16,279429.3,1.47
2024-07-15,Twitter,Summer Sale,62775,69244,809,2461,185,58856.19,53342.65,-0.09
2023-04-21,LinkedIn,Christmas Special,247634,395890,3495,14980,334,66080.97,124331.45,0.88
2024-12-06,LinkedIn,Christmas Special,498253,660579,23491,24437,5871,90226.56,100477.17,0.11
2022-05-18,Facebook,Summer Sale,321364,416172,13290,12824,2692,106162.24,252703.16,1.38
2023-07-17,YouTube,Summer Sale,88369,114491,4256,6784,792,127080.37,141869.02,0.12
2022-02-18,YouTube,Brand Awareness,423495,533394,20175,34670,4339,12227.09,28570.46,1.34
2024-07-19,Instagram,Back to School,73920,118539,2600,4334,311,37657.44,38534.63,0.02
2024-09-11,Twitter,Diwali Deals,479013,612516,13857,47061,3153,10261.71,13019.28,0.27
2022-09-27,Facebook,Black Friday,236390,378295,10259,4931,1093,14478.09,23582.94,0.63
2023-08-19,Facebook,Brand Awareness,448242,553106,20374,26037,5018,116919.37,110713.5,-0.05
2023-11-03,LinkedIn,Festive Bonanza,256351,322779,4012,17056,691,119218.39,221927.81,0.86
2022-06-14,Facebook,Diwali Deals,264153,293381,6311,7036,1298,54048.15,71602.33,0.32
2024-05-02,Twitter,End of Season,142660,234196,6150,10728,1201,41390.17,92964.28,1.25
2024-10-11,Instagram,New Year Blast,211487,310339,2686,11750,161,109808.07,100478.36,-0.08
2022-06-26,Instagram,Valentine Offer,264013,315682,6288,20457,1166,25439.15,49075.16,0.93
2024-12-16,Facebook,Brand Awareness,70633,167744,1140,6144,223,84087.62,76171.97,-0.09
2023-07-25,Facebook,Summer Sale,334407,526113,5198,17488,1218,54267.73,123873.19,1.28
2023-01-18,Twitter,Weekend Offer,345851,508856,9232,13436,2721,100646.26,108169.94,0.07
2024-02-21,LinkedIn,Super Saver,294768,302591,5052,26146,1301,85907.21,149416.1,0.74
2024-12-03,Instagram,Brand Awareness,46971,66629,1242,3665,340,124204.96,179689.06,0.45
2023-12-10,LinkedIn,Flash Sale,138623,211570,5043,2779,759,119963.89,213764.7,0.78
2024-12-31,Instagram,Christmas Special,176918,376811,6992,17059,902,69902.43,122210.02,0.75
2023-01-21,LinkedIn,Super Saver,70794,203148,2356,3313,156,78522.41,142658.84,0.82
2024-10-11,YouTube,Mega Launch,284215,305289,11646,7991,2995,17102.29,39337.11,1.3
2024-03-24,Instagram,Christmas Special,36852,211794,1380,1406,337,51836.62,129334.07,1.5
2022-09-04,LinkedIn,Diwali Deals,276896,333322,13360,9401,2607,134087.42,125370.56,-0.07
2023-10-07,LinkedIn,Super Saver,213347,312103,2397,13853,604,83415.09,167448.52,1.01
2024-07-31,Twitter,Mega Launch,417104,461836,20258,17688,1599,53605.17,58718.82,0.1
2022-06-05,Facebook,Weekend Offer,362792,389348,13517,25354,3268,55451.5,86814.68,0.57
2024-08-10,Instagram,Diwali Deals,191987,342117,4828,11789,1171,9511.76,19563.8,1.06
2024-12-25,LinkedIn,Back to School,146559,147714,2535,4889,579,129081.9,153117.63,0.19
2024-08-25,LinkedIn,Festive Bonanza,234817,323777,8273,19174,945,9812.46,12920.15,0.32
2023-04-05,Instagram,Winter Giveaway,103696,155635,3293,3211,900,131762.88,105452.5,-0.2
2024-06-06,Twitter,Diwali Deals,79567,95604,2477,7252,629,66269.52,57750.04,-0.13
2024-05-05,Facebook,Black Friday,39518,94427,477,3784,25,114324.48,247894.52,1.17
2024-09-06,YouTube,Winter Giveaway,33365,213637,1095,2326,174,45820.57,104639.59,1.28
2023-02-02,YouTube,Super Saver,450091,613818,15204,15817,4207,46155.12,101620.15,1.2
2024-03-31,LinkedIn,End of Season,496450,589943,5004,15756,317,132199.72,302915.17,1.29
2023-11-26,YouTube,Weekend Offer,102136,154767,2714,4357,169,43827.62,93860.07,1.14
2023-10-23,YouTube,Festive Bonanza,49900,224918,2206,4058,310,136895.89,265255.01,0.94
2024-09-03,Facebook,Back to School,64871,98045,2095,3676,541,68016.41,143895.21,1.12
2023-10-21,Facebook,Festive Bonanza,93668,240307,3516,3446,962,119376.33,225302.46,0.89
2022-12-14,Twitter,Festive Bonanza,485661,517456,21156,18483,3958,43087.97,54362.67,0.26
2022-12-13,Instagram,New Year Blast,168399,211469,5688,10796,497,41886.78,59276.09,0.42
2024-02-19,Facebook,Flash Sale,45583,158665,1858,1272,540,70317.47,112792.83,0.6
2024-05-16,LinkedIn,Super Saver,199387,296442,7801,10783,1090,5798.34,4714.22,-0.19
2023-07-09,Twitter,Mega Launch,363182,511978,7459,25615,1075,79336.82,103053.05,0.3
2023-01-17,Instagram,End of Season,141535,212983,6063,3685,1121,132580.09,235611.42,0.78
2023-02-01,LinkedIn,Weekend Offer,86554,240012,2221,3905,111,61531.49,125571.16,1.04
2023-08-07,YouTube,Diwali Deals,208196,362700,8327,5150,935,130117.67,104559.51,-0.2
2024-10-01,Instagram,Christmas Special,72411,96788,2405,5481,443,60656.64,95570.73,0.58
2023-08-17,YouTube,Summer Sale,39542,51193,1330,1897,178,15296.11,14321.84,-0.06
2023-10-17,Instagram,Winter Giveaway,338569,507277,7585,23356,828,133765.66,243156.15,0.82
2024-06-28,Facebook,Summer Sale,344061,409261,10984,14599,2112,29918.03,56377.27,0.88
2023-09-21,Facebook,Super Saver,166445,331671,7695,14941,679,123901.83,245486.7,0.98
2022-09-25,LinkedIn,Flash Sale,170696,351206,3704,8889,397,122163.28,142599.65,0.17
2024-07-09,Instagram,Black Friday,105123,116639,2181,8665,537,44930.27,59340.89,0.32
2024-11-19,Twitter,Mega Launch,178921,280048,3263,5820,318,88993.62,186076.47,1.09
2022-01-23,LinkedIn,Brand Awareness,250754,318431,4142,15150,885,79193.8,85653.49,0.08
2022-01-07,Twitter,Diwali Deals,358847,381159,15044,26166,3971,54266.48,91130.08,0.68
2024-07-02,Twitter,Summer Sale,125234,170248,4798,4333,814,92837.99,131812.25,0.42
2024-04-12,Twitter,New Year Blast,219892,394381,9178,11466,1857,146730.56,250065.79,0.7
2023-07-11,Twitter,Brand Awareness,243746,252343,6895,11465,1601,62337.97,83062.27,0.33
2022-05-05,YouTube,Weekend Offer,189233,323474,4064,9452,372,59346.52,95299.29,0.61
2023-10-08,Twitter,Valentine Offer,207747,346163,4493,19127,332,145757.61,308279.69,1.12
2024-12-28,YouTube,End of Season,7352,141356,234,511,32,40801.58,90805.29,1.23
2024-06-17,Facebook,Valentine Offer,252199,379259,10251,9900,852,54654.96,68833.61,0.26
2022-10-27,LinkedIn,Winter Giveaway,124619,210995,2873,11987,779,69386.34,129377.65,0.86
2022-05-19,Twitter,Summer Sale,175492,232060,4924,7344,349,52244.35,112183.58,1.15
2024-02-26,YouTube,Winter Giveaway,155023,288402,2206,5760,273,136506.71,139923.89,0.03
2022-09-24,YouTube,Christmas Special,417811,494832,16199,34442,1284,13372.45,26173.7,0.96
2023-07-12,Facebook,Mega Launch,18893,86311,334,1042,63,18582.5,38704.67,1.08
2023-08-05,Facebook,Festive Bonanza,77805,268831,2017,4010,498,92834.52,219261.12,1.36
2023-05-14,Facebook,New Year Blast,428602,615894,19595,12374,5156,69301.1,126377.41,0.82
2024-02-11,YouTube,Summer Sale,155575,282013,3418,3226,1018,97828.76,127895.39,0.31
2024-04-19,LinkedIn,Christmas Special,185005,207831,4340,10680,1253,145872.29,171438.94,0.18
2023-12-21,Facebook,Black Friday,434404,572321,8250,28025,2245,96718.9,183340.3,0.9
2022-07-13,Instagram,Back to School,86442,137289,2173,5880,410,148629.17,169601.75,0.14
2024-03-04,Instagram,Back to School,278734,421692,3875,8937,217,96771.42,88773.28,-0.08
2022-05-21,YouTube,Mega Launch,405511,578743,15445,16558,4519,106504.97,104107.23,-0.02
2024-03-12,Twitter,Weekend Offer,367462,500915,4772,27159,1147,122194.11,294618.51,1.41
2022-02-14,YouTube,Summer Sale,210157,233188,7286,19474,2044,77590.52,166872.1,1.15
2022-11-18,Facebook,Brand Awareness,182164,377907,3979,17881,705,130193.11,192974.86,0.48
2024-08-31,LinkedIn,Black Friday,368228,393010,5270,35818,583,84602.17,99218.53,0.17
2024-02-20,YouTube,Summer Sale,116668,309942,2470,2515,145,130705.35,205430.86,0.57
2023-10-22,Facebook,Weekend Offer,167993,273852,2690,11603,541,47045.67,82687.05,0.76
2022-09-17,YouTube,Flash Sale,338270,395341,8967,15992,2398,46219.74,47491.16,0.03
2022-12-20,LinkedIn,End of Season,477779,658539,18529,33100,2810,11793.53,14971.75,0.27
2022-10-21,Instagram,Winter Giveaway,67551,257784,2474,3788,447,141365.03,132970.25,-0.06
2023-10-30,LinkedIn,End of Season,24008,57410,376,2177,61,87912.33,205911.75,1.34
2024-03-29,YouTube,Summer Sale,138296,319063,4874,13405,713,76603.04,111764.06,0.46
2023-09-24,Facebook,Christmas Special,361374,448090,15793,7461,3873,31507.05,40119.41,0.27
2023-06-07,Instagram,Festive Bonanza,116022,171062,2789,8152,671,73933.96,138875.89,0.88
2024-03-20,Instagram,Diwali Deals,158077,213652,4167,12376,434,58622.92,52115.98,-0.11
2024-11-02,Facebook,Diwali Deals,161044,273759,3688,7644,349,73480.86,168731.63,1.3
2023-09-13,YouTube,Super Saver,62505,149401,2376,2025,380,23230.02,47692.72,1.05
2022-11-22,Twitter,Mega Launch,483356,501279,19656,18214,4586,46674.39,66522.03,0.43
2022-02-18,Facebook,Diwali Deals,67507,125641,2775,5007,695,40073.89,94126.23,1.35
2024-05-17,Facebook,Summer Sale,291616,475501,4980,9085,1132,6438.95,10231.25,0.59
2024-01-10,Facebook,Mega Launch,282337,459273,6746,9860,1516,43751.63,51349.94,0.17
2023-11-29,Twitter,Flash Sale,168317,345113,7484,9184,548,122037.55,122568.69,0.0
2023-10-27,Instagram,Winter Giveaway,74561,127516,2804,7138,694,101136.07,175192.9,0.73
2023-09-15,LinkedIn,End of Season,384039,389465,10759,20192,2016,35028.76,37093.96,0.06
2023-09-08,LinkedIn,Super Saver,374128,377332,14590,29211,3188,73643.13,66390.61,-0.1
2023-05-31,Facebook,Back to School,423184,523118,16139,34886,3461,99388.81,188421.8,0.9
2023-06-24,Instagram,New Year Blast,174530,352771,5015,14091,275,127843.19,170766.54,0.34
2022-09-24,YouTube,Diwali Deals,191823,319134,7105,8938,1217,102748.89,127597.52,0.24
2024-12-08,Twitter,Black Friday,431199,456188,14226,27613,869,107619.6,97475.97,-0.09
2022-01-05,Twitter,Festive Bonanza,118000,297634,3475,8045,845,143900.45,244691.42,0.7
2022-01-15,YouTube,Brand Awareness,240796,370353,9964,16652,2755,84294.65,93274.01,0.11
2022-01-03,YouTube,Back to School,344371,476935,14941,15698,3979,24864.86,61950.01,1.49
2022-02-19,LinkedIn,Christmas Special,150051,179379,6175,13083,1583,149248.8,299979.46,1.01
2023-03-22,Instagram,Mega Launch,92178,265566,2545,8260,145,30533.84,35533.05,0.16
2022-06-03,Twitter,Mega Launch,497402,523774,8616,37949,1726,144219.66,243223.77,0.69
2023-03-26,Facebook,Winter Giveaway,406927,557792,12268,18855,2632,40864.35,77194.63,0.89
2024-11-28,Instagram,Flash Sale,369115,463898,14684,29739,2874,77339.87,63463.19,-0.18
2022-03-15,Twitter,Diwali Deals,144227,313076,4768,13294,407,51642.15,115764.74,1.24
2023-04-01,LinkedIn,Black Friday,490988,573038,16037,47031,4323,134723.21,107879.98,-0.2
2024-01-10,Instagram,Black Friday,45695,197469,1122,3506,184,11512.14,24103.12,1.09
2024-09-06,Twitter,Diwali Deals,113125,244847,4827,5936,958,95195.74,236766.26,1.49
2024-05-10,Twitter,Diwali Deals,253922,321563,5547,23623,1358,132216.56,324781.1,1.46
2022-11-11,LinkedIn,End of Season,484336,520017,15436,44226,2731,142816.58,255464.29,0.79
2023-10-13,LinkedIn,Diwali Deals,420842,612893,14729,9548,1435,67364.92,157390.58,1.34
2022-06-03,YouTube,Diwali Deals,206165,340416,3483,19212,801,34646.83,42755.07,0.23
2022-04-22,Twitter,Weekend Offer,491904,644930,21573,45074,2468,122577.39,272232.63,1.22
2022-07-08,Twitter,Valentine Offer,445284,466275,15227,21170,3836,26981.29,61760.21,1.29
2023-04-16,YouTube,Back to School,486907,662863,21833,47464,1344,84271.58,143635.59,0.7
2023-12-01,YouTube,End of Season,244241,357471,5598,16464,490,38410.42,30824.57,-0.2
2024-04-23,LinkedIn,Christmas Special,50475,111617,1696,2997,480,66281.23,87158.66,0.31
2023-12-03,YouTube,End of Season,30711,61817,512,1109,147,149933.87,223368.03,0.49
2023-05-19,YouTube,Black Friday,269852,289227,11161,17231,2380,114305.31,95461.09,-0.16
2022-06-11,Instagram,New Year Blast,320018,390105,15497,17365,3326,57447.99,138659.61,1.41
2022-06-02,LinkedIn,Diwali Deals,147180,311097,4271,8253,775,58545.71,139688.44,1.39
2022-04-14,LinkedIn,Black Friday,417672,509790,4582,22042,395,128318.38,177827.07,0.39
2024-02-02,Instagram,Super Saver,351184,373828,16380,11380,2182,146886.19,331391.88,1.26
2023-07-15,Twitter,Christmas Special,97268,133266,1163,6105,328,78467.53,114429.46,0.46
2023-01-04,LinkedIn,Flash Sale,39675,59594,473,3666,55,145687.28,224944.69,0.54
2023-12-29,LinkedIn,Super Saver,484058,555591,22216,47736,3496,67291.41,89162.36,0.33
2023-01-25,YouTube,Weekend Offer,412010,471012,6883,13226,1922,130467.89,139256.79,0.07
2023-03-28,Twitter,Winter Giveaway,96649,162536,4059,2814,514,120518.8,147731.39,0.23
2023-01-10,LinkedIn,Valentine Offer,291479,434805,7604,17271,1613,40888.96,44028.64,0.08
2022-04-23,Twitter,Weekend Offer,250300,311022,2642,6430,228,67428.33,154584.41,1.29
2024-12-28,LinkedIn,New Year Blast,493765,613404,21339,31080,2539,34783.2,50381.72,0.45
2022-10-16,YouTube,Festive Bonanza,401981,520107,19969,20541,2547,118244.4,252446.71,1.13
2024-01-30,Twitter,Super Saver,256671,313304,5327,10921,467,31007.88,75973.96,1.45
2023-11-12,YouTube,Valentine Offer,377185,506652,16483,21799,4626,80357.12,74400.39,-0.07
2023-01-22,Facebook,Valentine Offer,37088,210327,955,2954,68,25871.58,46882.19,0.81
2022-08-07,YouTube,Christmas Special,35949,190568,911,1667,192,91861.47,170880.98,0.86
2023-01-02,Facebook,Weekend Offer,135356,286661,6606,4449,1636,103023.81,206178.54,1.0
2023-07-14,Instagram,Flash Sale,435179,490509,11970,17983,3240,20356.34,21643.04,0.06
2023-10-24,LinkedIn,Diwali Deals,366719,369532,14774,32519,3199,103616.22,154787.91,0.49
2024-05-30,YouTube,Festive Bonanza,477070,543688,6690,21224,1430,126771.23,142049.58,0.12
2022-09-19,Instagram,Brand Awareness,87289,204795,2973,6530,566,134058.27,126458.81,-0.06
2023-01-02,Twitter,Super Saver,138498,270468,4346,3628,259,97464.8,118072.52,0.21
2022-07-31,YouTube,Back to School,277422,322186,11116,6682,2058,137170.59,116616.52,-0.15
2024-01-07,Instagram,Weekend Offer,238540,244579,7282,19401,566,71546.37,146358.61,1.05
2022-11-27,Facebook,Weekend Offer,325815,443029,13123,7877,2229,60576.21,99281.48,0.64
2022-11-15,YouTube,Back to School,377397,478694,4642,8561,834,80610.11,73869.48,-0.08
2023-05-05,Instagram,End of Season,179588,340721,2089,9079,290,70880.09,132646.44,0.87
2022-12-29,LinkedIn,Mega Launch,112237,294140,3589,7982,727,118678.17,179555.6,0.51
2022-03-04,LinkedIn,Brand Awareness,274496,364331,11070,9133,1427,76208.88,181079.01,1.38
2024-04-02,LinkedIn,Weekend Offer,81709,178694,937,3271,83,21222.69,35610.01,0.68
2023-12-15,Twitter,Diwali Deals,316537,479783,5833,20968,1093,121847.46,99127.72,-0.19
2022-05-20,Twitter,Flash Sale,490687,643984,8512,42641,2338,125140.56,268025.78,1.14
2023-06-28,YouTube,Festive Bonanza,67061,265869,983,4195,128,132066.32,128680.87,-0.03
2022-05-17,LinkedIn,Super Saver,351658,409016,4177,9505,837,120200.42,276874.47,1.3
2022-03-17,LinkedIn,Weekend Offer,11968,40486,332,695,44,71582.44,107291.99,0.5
2023-11-03,Twitter,Christmas Special,190388,196908,5221,7494,857,109217.24,223358.19,1.05
2024-11-07,Instagram,Weekend Offer,374360,445629,18313,14568,1413,40022.84,56122.48,0.4
2024-10-16,LinkedIn,Festive Bonanza,34345,212730,1377,2939,234,13371.16,19585.49,0.46
2022-05-27,Twitter,Back to School,389583,565025,9523,16119,494,103451.88,155195.41,0.5
2024-09-28,Instagram,Super Saver,489273,651394,10510,46789,2445,96555.74,164652.34,0.71
2022-07-24,Instagram,Diwali Deals,75463,169963,3726,5899,825,147163.16,245892.58,0.67
2022-11-01,LinkedIn,Winter Giveaway,166081,278799,2480,3513,697,119949.93,110039.43,-0.08
2023-06-25,YouTube,Flash Sale,146727,326696,6966,12293,372,111040.9,220457.07,0.99
2023-05-20,Instagram,Summer Sale,293107,338061,9704,9678,1707,70437.65,78316.22,0.11
2024-08-19,Instagram,Super Saver,397974,403968,8213,11723,951,98927.26,81749.94,-0.17
2023-01-19,Facebook,Back to School,138653,191370,4149,13763,391,112746.82,252719.45,1.24
2022-04-26,Instagram,New Year Blast,42548,211565,1258,3230,106,148436.57,177178.69,0.19
2022-08-09,LinkedIn,Brand Awareness,425162,505860,20637,16900,5166,14963.48,21371.98,0.43
2024-04-22,Facebook,Christmas Special,114162,236089,4447,3180,1307,127137.2,182379.58,0.43
2023-11-02,Twitter,Valentine Offer,453828,630435,17544,35607,1126,84464.69,142392.64,0.69
2024-03-17,Facebook,Festive Bonanza,287320,463778,8203,13981,992,101060.17,140457.12,0.39
2024-07-13,Facebook,New Year Blast,229655,248029,4108,20528,1062,133923.55,238915.79,0.78
2024-07-26,Twitter,Brand Awareness,237892,356920,8788,4810,1054,50504.89,61138.75,0.21
2024-08-12,Facebook,Weekend Offer,474725,482584,13588,45540,2038,16160.89,32054.57,0.98
2023-01-31,LinkedIn,Brand Awareness,403102,515351,11516,39517,1967,44432.18,87842.87,0.98
2022-08-27,LinkedIn,Black Friday,279370,373775,8997,19027,2464,32684.35,64744.09,0.98
2024-07-11,Twitter,Winter Giveaway,471709,601294,20513,43432,3460,71920.82,177760.91,1.47
2022-12-06,Twitter,New Year Blast,414115,444178,7889,9375,1286,132481.94,160803.18,0.21
2024-04-07,Facebook,Black Friday,133216,267391,1697,10756,187,101681.93,97650.92,-0.04
2022-11-27,Instagram,Black Friday,222980,393489,4964,14326,546,140367.81,303516.13,1.16
2023-07-27,Facebook,Summer Sale,304372,328758,14961,28867,3576,23861.7,19999.06,-0.16
2024-07-05,LinkedIn,Black Friday,84818,200407,2894,6299,447,50268.47,41560.11,-0.17
2023-04-07,Facebook,New Year Blast,415591,481797,7994,25953,1864,86692.33,161407.58,0.86
2022-05-18,LinkedIn,End of Season,496587,572911,10625,14409,549,69132.6,138443.21,1.0
2024-07-27,Instagram,Festive Bonanza,118711,130805,1837,8115,273,94686.42,177652.89,0.88
2024-06-19,LinkedIn,Diwali Deals,171667,202924,7735,8665,555,108689.52,196550.76,0.81
2022-10-15,LinkedIn,Super Saver,450329,470939,18381,16037,2017,29266.77,48308.05,0.65
2023-07-25,Instagram,End of Season,428093,513518,5197,18627,1091,97211.35,176809.33,0.82
2023-09-08,Twitter,Black Friday,408157,470326,11167,39603,650,142567.94,128742.89,-0.1
2023-03-10,Instagram,Winter Giveaway,208834,324728,6963,5495,1489,104426.58,245127.0,1.35
2022-03-31,YouTube,Super Saver,121545,278997,2159,5219,544,89562.67,161913.93,0.81
2023-10-22,YouTube,Back to School,356193,493286,8296,25894,1041,40711.47,80370.78,0.97
2023-06-03,YouTube,Flash Sale,465014,651285,12032,31915,2135,23156.98,26420.73,0.14
2023-04-10,Instagram,Back to School,432214,591516,13398,12449,3082,53615.46,49000.68,-0.09
2024-08-02,Instagram,Brand Awareness,430309,522345,5849,31055,1386,35565.0,42319.57,0.19
2022-10-03,Facebook,Black Friday,7775,120272,128,639,25,146096.14,305457.41,1.09
2023-08-07,Twitter,Back to School,236318,299117,8389,21301,1322,36857.48,30771.77,-0.17
2023-10-12,Twitter,New Year Blast,258347,448399,3619,21517,215,35523.51,77275.72,1.18
2022-06-15,Facebook,Christmas Special,225534,271600,4266,7883,308,27617.23,44558.84,0.61
2022-08-26,LinkedIn,Mega Launch,352247,530844,8984,26644,1439,62377.65,125741.93,1.02
2022-06-30,Facebook,End of Season,229021,360977,7498,5267,903,101745.79,215801.17,1.12
2022-04-16,YouTube,New Year Blast,106407,138786,4866,9252,1348,73275.77,140344.61,0.92
2024-11-27,LinkedIn,Mega Launch,329934,362414,3525,27125,193,22868.72,45451.63,0.99
2022-07-06,Instagram,Weekend Offer,433519,469219,6367,9922,1731,87320.46,155852.58,0.78
2022-09-27,Twitter,Mega Launch,219566,266717,3890,19212,384,87777.23,97868.07,0.11
2024-01-28,Facebook,Black Friday,396775,461684,10822,26613,612,58819.58,125614.7,1.14
2024-06-24,LinkedIn,Flash Sale,339923,436331,12417,29100,968,120409.33,132174.45,0.1
2022-10-14,YouTube,Brand Awareness,444891,596905,16117,24813,3491,92040.81,82006.02,-0.11
2023-05-15,YouTube,New Year Blast,310077,356613,7068,7111,1649,47622.62,57292.11,0.2
2022-04-19,LinkedIn,Brand Awareness,202742,388842,10129,19642,2026,117014.86,233354.57,0.99
2024-06-05,Facebook,Black Friday,235097,423999,11454,5571,584,116570.09,172100.78,0.48
2024-02-20,LinkedIn,Diwali Deals,331237,511073,4959,20502,1095,79034.21,145874.99,0.85
2023-12-15,Twitter,Christmas Special,476604,525178,15389,11380,3124,139615.61,348184.17,1.49
2024-12-03,LinkedIn,Flash Sale,280553,318192,4611,23499,1203,137670.05,154401.98,0.12
2022-04-17,Facebook,Weekend Offer,456442,617324,19762,31928,2492,39355.33,76804.62,0.95
2023-02-28,Facebook,Black Friday,488236,645376,5073,34838,1074,17694.56,22662.52,0.28
2022-05-19,Instagram,Diwali Deals,290810,350627,12186,18207,2483,97378.73,176781.07,0.82
2024-10-26,LinkedIn,Back to School,197485,199536,6007,13714,1442,91946.0,152700.38,0.66
2022-06-26,LinkedIn,Festive Bonanza,449473,581852,7853,38637,1520,55298.47,85192.61,0.54
2022-03-24,Facebook,Mega Launch,30954,218047,1104,1515,264,148795.93,255885.09,0.72
2023-04-05,Facebook,Festive Bonanza,25389,201984,1175,643,241,91305.86,96400.99,0.06
2023-10-16,YouTube,End of Season,110982,117680,2382,8872,191,113920.68,237134.52,1.08
2024-10-30,LinkedIn,Summer Sale,336927,445451,8683,33291,704,72046.72,163577.5,1.27
2022-06-11,Facebook,Festive Bonanza,82963,205950,915,3370,227,20523.29,31772.08,0.55
2023-11-01,LinkedIn,Brand Awareness,164892,277468,6595,8849,956,22384.21,45873.62,1.05
2024-06-02,YouTube,Christmas Special,308097,374882,6005,27588,1274,67907.37,73305.29,0.08
2024-06-07,Facebook,Diwali Deals,129997,166437,6269,9878,1700,111285.02,213636.56,0.92
2023-06-14,YouTube,Mega Launch,411242,480551,17271,18102,1054,135266.04,200083.08,0.48
2022-12-11,Twitter,New Year Blast,401999,458797,8317,12707,606,20145.91,35872.97,0.78
2022-11-07,YouTube,Back to School,25922,192022,1128,1102,114,91252.87,187622.59,1.06
2024-03-29,LinkedIn,Mega Launch,175091,180097,3375,14457,612,40705.4,61873.49,0.52
2023-08-29,Instagram,Winter Giveaway,298561,387581,4704,19529,777,12650.96,25003.6,0.98
2022-10-05,YouTube,Christmas Special,417032,447464,15624,15177,2230,124415.07,273113.91,1.2
2023-11-09,LinkedIn,Super Saver,460887,508998,11453,29359,2380,52586.03,60757.95,0.16
2023-10-19,Instagram,Weekend Offer,222516,341025,8734,12143,1698,25241.84,44930.55,0.78
2022-09-26,Instagram,Christmas Special,276604,376923,13680,14807,689,103483.88,96257.19,-0.07
2023-02-11,Instagram,Valentine Offer,289697,446135,14164,23162,1097,28376.73,54366.87,0.92
2022-05-26,Twitter,New Year Blast,10368,147061,115,590,16,21871.98,40282.78,0.84
2024-01-21,Twitter,Summer Sale,94424,278114,2882,3827,755,103796.19,248935.59,1.4
2022-02-13,YouTube,Super Saver,197656,324934,8482,5026,1512,69396.71,144001.53,1.08
2024-04-05,YouTube,Christmas Special,183173,253616,2638,12041,320,27661.14,32478.35,0.17
2022-08-25,Facebook,Christmas Special,116362,146169,5017,5885,1211,133496.36,318831.63,1.39
2023-01-06,Facebook,Super Saver,262336,316554,5468,14919,1526,82037.63,160108.31,0.95
2024-01-03,Twitter,Valentine Offer,42034,214423,592,3550,122,83343.0,186349.28,1.24
2023-05-09,Twitter,Festive Bonanza,270308,364386,4756,13885,1406,41177.95,71266.74,0.73
2023-04-02,YouTube,Brand Awareness,194651,263858,8465,7855,869,44439.8,36033.76,-0.19
2024-08-16,Twitter,New Year Blast,431792,474730,20577,40882,3529,68883.16,70611.29,0.03
2022-05-30,LinkedIn,Super Saver,425602,589395,17960,10635,1496,71649.37,109815.03,0.53
2022-09-08,Instagram,End of Season,137886,217423,2484,2881,298,65878.06,108351.12,0.64
2022-01-30,Instagram,Mega Launch,39785,203837,1668,3210,107,120595.61,244953.24,1.03
2023-08-29,Instagram,End of Season,424149,502303,12548,35153,2428,38902.86,32690.2,-0.16
2023-02-09,YouTube,Winter Giveaway,363902,493349,6580,12973,586,139337.25,210868.33,0.51
2022-02-23,LinkedIn,Flash Sale,358039,514927,9454,25097,954,9154.6,16400.73,0.79
2022-09-19,Instagram,Mega Launch,468338,625416,13113,32197,3000,90311.07,133304.87,0.48
2024-09-25,Facebook,Brand Awareness,403138,526916,6361,12748,389,136115.28,195601.38,0.44
2023-07-29,Twitter,Mega Launch,414740,532217,4163,25142,583,42611.32,40434.1,-0.05
2022-03-31,Twitter,Mega Launch,99837,195120,4682,2921,633,53139.75,102387.21,0.93
2024-03-07,LinkedIn,Christmas Special,181355,263681,5826,9182,751,87939.4,190761.22,1.17
2022-01-27,Twitter,Super Saver,346651,427803,8399,11859,1606,64118.79,64981.92,0.01
2024-08-22,Twitter,Weekend Offer,283572,319150,7401,15944,1022,40745.39,100203.33,1.46
2023-06-18,Twitter,Festive Bonanza,100598,299137,1845,9921,494,98975.23,226425.7,1.29
2023-03-17,Twitter,End of Season,219303,261650,5314,20332,542,102334.27,128950.87,0.26
2023-08-12,Facebook,End of Season,321009,499767,13584,11095,1849,29513.96,41262.54,0.4
2022-06-12,Instagram,Diwali Deals,59460,161226,1956,2819,277,116360.79,179011.13,0.54
2022-05-10,Facebook,Mega Launch,357215,456279,9555,23671,492,34221.61,81739.55,1.39
2022-05-09,LinkedIn,Winter Giveaway,259292,417991,5990,18906,604,41769.7,66857.21,0.6
2024-09-18,Instagram,Christmas Special,492387,646143,21054,20617,5094,146976.98,285947.55,0.95
2023-05-08,LinkedIn,Mega Launch,185418,320027,4696,5937,1195,116045.21,93902.43,-0.19
2023-11-25,Twitter,Black Friday,369315,484771,17100,12259,1298,141743.98,191424.29,0.35
2024-10-12,Instagram,Black Friday,374193,557767,16449,25136,2082,92869.56,208404.76,1.24
2022-12-29,LinkedIn,End of Season,361687,405856,9209,19097,2519,53135.87,84543.04,0.59
2022-07-20,Facebook,End of Season,205417,359680,6937,11314,405,117731.04,228850.32,0.94
2024-07-11,Facebook,Christmas Special,460224,597493,20155,16656,1533,134105.73,238801.81,0.78
2022-05-05,YouTube,Brand Awareness,286197,429354,10686,9704,1207,138003.87,205791.91,0.49
2022-02-05,YouTube,Festive Bonanza,143261,224338,4118,13952,644,119867.72,233719.74,0.95
2022-06-13,Twitter,Valentine Offer,85165,234283,1330,5921,252,139021.63,188221.37,0.35
2023-12-11,Twitter,New Year Blast,77684,266674,3140,7383,714,24513.56,23545.57,-0.04
2023-11-12,Twitter,Valentine Offer,111244,286432,4978,2595,1102,110696.18,235306.37,1.13
2024-04-26,LinkedIn,New Year Blast,366716,539010,17333,32694,5044,26491.53,25340.95,-0.04
2024-03-10,YouTube,Flash Sale,310442,505622,3429,15934,579,60686.18,117285.47,0.93
2024-04-16,Twitter,Flash Sale,283104,314895,12293,19828,1221,30650.06,75965.3,1.48
2022-02-23,Facebook,Summer Sale,360859,412592,5594,25841,336,74086.88,99359.17,0.34
2023-12-07,YouTube,Festive Bonanza,274637,345276,4822,27107,1187,57877.25,118964.37,1.06
2023-12-10,LinkedIn,Mega Launch,274515,322830,4389,8634,461,77494.05,158198.18,1.04
2023-11-16,LinkedIn,Super Saver,240707,425443,3906,15105,305,94480.36,212101.88,1.24
2022-07-30,Twitter,Back to School,438961,457202,16571,41845,1751,116869.25,223013.58,0.91
2024-01-22,LinkedIn,Mega Launch,190550,334876,8487,16048,2226,97477.25,213876.27,1.19
2024-03-16,Facebook,Flash Sale,254106,428609,5490,6023,1015,99677.7,105824.14,0.06
2022-11-24,LinkedIn,Festive Bonanza,351030,417941,3772,27766,546,72596.33,81517.8,0.12
2023-10-14,LinkedIn,Summer Sale,367100,486680,4270,28541,813,125814.63,165462.56,0.32
2022-04-26,Twitter,Flash Sale,436583,558719,18707,33672,3505,58653.56,101810.97,0.74
2023-03-05,Facebook,Mega Launch,87666,185288,1188,6386,112,72675.57,67619.44,-0.07
2024-02-21,LinkedIn,Weekend Offer,156899,190939,4578,4910,727,63102.1,62833.82,-0.0
2024-08-04,Facebook,Flash Sale,100790,248402,3630,9428,424,62557.46,98474.91,0.57
2022-08-05,Facebook,Winter Giveaway,364701,539605,15632,24870,1110,74225.35,135318.12,0.82
2023-01-16,Facebook,Black Friday,27490,74365,946,2320,227,102965.09,89038.72,-0.14
2023-10-06,LinkedIn,Black Friday,407137,458572,11751,18452,3112,57728.58,55858.76,-0.03
2024-07-08,LinkedIn,Festive Bonanza,276091,469979,8035,6028,1837,25803.07,27285.65,0.06
2024-11-20,Twitter,Diwali Deals,215448,400294,6553,9345,1389,77861.18,88863.79,0.14
2024-12-25,Twitter,Mega Launch,175205,271966,2444,16046,576,103381.22,139489.13,0.35
2023-08-22,Facebook,Super Saver,404749,492346,11258,18021,3207,73080.21,110973.41,0.52
2022-02-02,Facebook,Diwali Deals,162195,302064,2482,11589,546,147465.58,139565.06,-0.05
2024-01-17,YouTube,Christmas Special,116361,270628,5119,2498,528,91921.87,214553.51,1.33
2023-02-26,YouTube,Brand Awareness,316200,512123,7837,15406,1112,43348.41,71786.26,0.66
2022-01-22,Facebook,Mega Launch,328966,513286,9935,17927,2086,40872.96,92891.86,1.27
2022-08-12,Twitter,Summer Sale,178686,192406,2050,12718,530,123843.39,272734.28,1.2
2022-07-16,Facebook,Diwali Deals,374119,452361,5094,35380,1143,16615.33,25772.33,0.55
2024-02-17,Twitter,Super Saver,479062,491843,10305,45714,1103,143100.22,329425.3,1.3
2023-06-04,Facebook,Festive Bonanza,304182,393121,12947,23023,1806,88210.55,155447.39,0.76
2022-01-09,Twitter,Weekend Offer,323796,390320,4253,12945,226,117782.63,258883.45,1.2
2022-04-23,YouTube,Mega Launch,232328,268409,3554,14483,888,48008.81,44706.71,-0.07
2022-01-12,Instagram,New Year Blast,424515,615448,8162,11426,2222,148478.27,291512.47,0.96
2024-11-14,Facebook,Weekend Offer,260116,326182,12662,23405,3338,102496.52,111596.51,0.09
2022-06-28,LinkedIn,Christmas Special,453648,616671,19863,21827,3772,53628.88,59047.53,0.1
2024-09-20,LinkedIn,Brand Awareness,260493,341316,8515,16904,572,30959.59,66741.88,1.16
2024-12-25,Facebook,Winter Giveaway,261812,332618,12664,9919,1127,68372.47,127662.83,0.87
2022-02-04,YouTube,Brand Awareness,175733,206442,6226,13157,543,96454.03,198450.4,1.06
2023-12-27,LinkedIn,Valentine Offer,191443,344433,5717,9807,983,58957.43,99473.17,0.69
2023-11-23,YouTube,Weekend Offer,206904,395332,7799,18059,515,65293.69,113127.87,0.73
2024-10-16,Twitter,Summer Sale,25923,35799,1098,1980,267,132542.22,310410.08,1.34
2022-03-06,LinkedIn,Winter Giveaway,167730,348804,6691,4729,1515,141106.4,196808.5,0.39
2022-11-09,LinkedIn,Super Saver,499507,604396,8154,42616,1733,8653.87,12143.23,0.4
2024-12-09,Twitter,Flash Sale,237069,267389,6710,6897,867,111578.65,204990.45,0.84
2022-12-09,Twitter,Diwali Deals,410237,549081,5729,16423,1222,31498.92,42283.41,0.34
2022-10-24,LinkedIn,End of Season,110468,112369,2202,3886,277,23646.49,41985.43,0.78
2022-05-26,Instagram,Festive Bonanza,77572,117827,2547,2609,127,33462.67,28053.75,-0.16
2023-05-23,LinkedIn,Valentine Offer,148704,311383,3248,3194,884,93688.73,122054.95,0.3
2024-04-20,Instagram,Brand Awareness,304488,389279,10959,21296,2009,60786.22,93683.22,0.54
2022-02-14,YouTube,Brand Awareness,281319,419582,4327,24608,502,29915.27,50279.54,0.68
2024-01-26,Facebook,Mega Launch,359903,551098,8075,24060,417,61180.44,138752.09,1.27
2023-09-13,Instagram,Brand Awareness,63755,92611,908,1417,143,85823.72,171812.74,1.0
2024-02-27,Facebook,Christmas Special,483977,652493,7411,14712,2014,109422.83,140966.81,0.29
2024-10-28,LinkedIn,Christmas Special,12533,129361,391,860,60,129571.2,213805.31,0.65
2023-07-03,Facebook,Mega Launch,459647,485295,19239,42158,4162,103669.52,247136.37,1.38
2022-06-28,YouTube,Winter Giveaway,22118,45734,1019,1899,69,62065.52,63444.58,0.02
2023-10-27,YouTube,Brand Awareness,474862,476593,5877,37519,990,26347.93,30331.41,0.15
2024-05-01,YouTube,Summer Sale,379485,551424,5284,8482,407,122751.25,270403.74,1.2
2024-11-04,Instagram,Mega Launch,102206,248883,4014,7630,1069,98027.44,82683.07,-0.16
2022-11-01,Instagram,Christmas Special,354173,375884,9351,27122,2222,91995.34,149547.59,0.63
2022-06-22,YouTube,Winter Giveaway,233506,245291,9026,21967,2632,103968.37,141786.72,0.36
2023-11-17,LinkedIn,Brand Awareness,180486,262496,8841,15354,1749,121347.42,274780.39,1.26
2022-03-19,LinkedIn,Brand Awareness,120375,234035,5864,11806,1538,141818.25,323505.55,1.28
2024-12-18,Instagram,Super Saver,369416,373132,3884,20899,505,98791.4,183995.58,0.86
2023-01-22,YouTube,Back to School,264590,316496,3108,14449,326,33207.58,72888.6,1.19
2023-11-21,Twitter,Diwali Deals,27504,83474,657,1962,79,125286.59,251320.01,1.01
2023-09-03,Twitter,Weekend Offer,496966,532125,16485,39025,3763,110178.88,109231.76,-0.01
2024-12-09,Facebook,Christmas Special,499670,516056,11410,47418,3421,38795.56,76885.77,0.98
2023-12-03,YouTube,End of Season,373481,515696,13205,23050,2567,83917.31,206337.9,1.46
2022-03-20,Twitter,Weekend Offer,423680,538692,13533,35598,2666,132587.62,220013.95,0.66
2024-02-04,Instagram,Black Friday,88981,143620,4307,8232,600,15637.79,30139.47,0.93
2022-12-06,YouTube,Super Saver,132732,279430,4883,10605,549,99068.33,149815.94,0.51
2024-04-27,Facebook,Winter Giveaway,173065,337012,2326,9515,597,113222.62,150548.94,0.33
2022-11-21,YouTube,Festive Bonanza,249159,448318,12419,11835,2069,36847.06,29491.87,-0.2
2023-09-04,Facebook,Winter Giveaway,181284,191921,4110,6550,734,109803.77,131120.0,0.19
2023-05-28,Twitter,Festive Bonanza,474116,543805,6447,43817,482,109214.13,107906.41,-0.01
2022-08-16,Twitter,Black Friday,272727,409696,8445,11455,893,10648.89,15612.11,0.47
2024-11-07,YouTube,New Year Blast,398444,436496,12601,21232,1732,117111.61,227395.52,0.94
2024-02-01,Facebook,Brand Awareness,434763,478581,6465,15086,468,148099.91,308457.74,1.08
2023-04-15,Facebook,New Year Blast,124875,165280,5136,10740,1137,19118.2,38252.31,1.0
2023-06-05,LinkedIn,Christmas Special,170707,179172,4445,14875,753,124990.94,100119.8,-0.2
2024-12-24,Instagram,New Year Blast,206239,251701,7139,7892,1306,37469.07,53114.8,0.42
2024-09-15,LinkedIn,Festive Bonanza,23557,183689,733,895,77,20486.1,49592.44,1.42
2022-04-22,Facebook,Winter Giveaway,46081,182521,1777,1318,294,118558.41,119536.09,0.01
2023-07-23,Twitter,Valentine Offer,29354,123651,1189,1406,256,16289.2,39489.29,1.42
2022-08-07,YouTube,Diwali Deals,375191,408825,3811,16772,869,35781.42,35654.37,-0.0
2023-08-09,LinkedIn,New Year Blast,197376,210338,2507,7409,451,78037.72,178964.45,1.29
2024-10-01,Twitter,Weekend Offer,83863,208069,1445,4383,73,29297.15,38892.68,0.33
2023-04-30,Twitter,Black Friday,272413,395044,11044,22269,1302,84321.58,79992.43,-0.05
2024-06-20,YouTube,New Year Blast,75934,132764,2192,6004,152,145594.31,298323.41,1.05
2023-07-02,YouTube,Winter Giveaway,30279,200457,486,2195,120,78680.55,145906.02,0.85
2022-03-20,LinkedIn,Winter Giveaway,367908,475949,17599,26470,4613,113129.06,249347.71,1.2
2022-10-14,Facebook,Flash Sale,293646,344414,6580,28669,1532,97168.57,136534.3,0.41
2023-08-06,Facebook,Valentine Offer,390693,578186,11005,31573,2671,145322.71,278758.19,0.92
2022-02-25,Instagram,Christmas Special,148933,248903,1772,8818,407,73010.91,157820.08,1.16
2022-05-10,Twitter,Valentine Offer,77902,171074,3270,4052,877,13082.42,24028.24,0.84
2023-03-03,YouTube,Black Friday,9136,72004,434,605,117,18015.13,42306.82,1.35
2024-06-07,Twitter,Weekend Offer,307039,311759,5953,21836,1593,28445.71,69462.0,1.44
2022-06-17,Facebook,Flash Sale,465116,662613,17633,26610,1032,16738.29,38334.76,1.29
2023-05-11,Twitter,Diwali Deals,38324,118253,455,922,116,5556.39,9187.01,0.65
2023-07-13,LinkedIn,Mega Launch,199824,277828,9244,4150,1458,131530.75,124702.44,-0.05
2023-06-22,Instagram,Brand Awareness,398369,538294,16362,23759,3203,125260.85,140739.69,0.12
2024-03-20,LinkedIn,New Year Blast,166771,290555,5939,7102,1126,110141.12,237212.16,1.15
2023-10-28,LinkedIn,Back to School,485563,591878,18941,18972,3296,83966.34,73035.26,-0.13
2024-04-01,Instagram,New Year Blast,20896,111249,325,880,31,70300.81,145750.27,1.07
2024-05-09,Twitter,Winter Giveaway,442480,485797,19570,27946,5163,91482.92,148565.72,0.62
2022-10-28,Twitter,Christmas Special,204618,402293,5882,16277,752,93907.03,203733.53,1.17
2023-12-31,Twitter,New Year Blast,20116,41161,928,1295,143,101676.07,169661.8,0.67
2024-09-22,Facebook,Brand Awareness,481616,672134,19942,25245,2296,110576.88,201297.18,0.82
2022-03-19,LinkedIn,Valentine Offer,344499,461719,11873,28526,2589,135122.61,135520.91,0.0
2023-06-08,Twitter,Flash Sale,100965,183233,4131,7209,685,128909.37,177638.07,0.38
2023-07-19,LinkedIn,Diwali Deals,284343,345381,11477,17018,3143,44747.45,98759.76,1.21
2023-08-04,YouTube,Diwali Deals,382864,419974,13430,30126,3247,80121.19,165981.25,1.07
2024-06-07,LinkedIn,Black Friday,111311,146720,1584,5166,113,49408.84,61792.58,0.25
2024-02-17,Twitter,Black Friday,5363,16721,86,275,13,110282.3,110967.72,0.01
2024-08-15,LinkedIn,New Year Blast,372371,499236,17431,32888,5180,135261.51,242194.72,0.79
2022-01-19,Facebook,Mega Launch,26584,36105,1130,1304,180,101669.42,189079.22,0.86
2024-06-13,Twitter,End of Season,231305,365944,3987,15501,507,110561.78,241284.61,1.18
2024-10-28,Twitter,Super Saver,243441,363684,8079,18617,2180,45129.35,78926.31,0.75
2023-04-23,Twitter,Back to School,77534,241230,1927,6055,517,126280.26,286180.41,1.27
2022-03-27,Twitter,Brand Awareness,20734,195235,584,1827,173,95410.28,86563.92,-0.09
2022-09-23,YouTube,Back to School,152525,323565,7026,13328,1151,67226.68,62340.84,-0.07
2024-04-04,Twitter,Mega Launch,322231,496584,5552,28533,386,125056.59,180405.37,0.44
2022-01-25,LinkedIn,Winter Giveaway,366185,471689,12032,23938,2518,60518.06,122393.45,1.02
2023-03-31,Instagram,Diwali Deals,158857,238210,3864,10570,788,70116.38,124943.34,0.78
2023-02-06,YouTube,Weekend Offer,430643,579407,12933,24189,1830,92114.86,183444.14,0.99
2024-12-01,LinkedIn,Valentine Offer,362092,384433,12765,16735,1912,45878.16,61507.35,0.34
2024-03-02,Facebook,Diwali Deals,83840,250607,2391,5828,230,93502.64,161655.97,0.73
2024-11-02,LinkedIn,Super Saver,452746,514028,19560,18519,4304,19439.06,16080.92,-0.17
2023-10-30,Facebook,Super Saver,314732,326953,14358,19863,3403,104051.57,248200.81,1.39
2022-01-16,Twitter,End of Season,196007,240797,5004,13532,1094,44374.82,59354.24,0.34
2023-10-17,Facebook,Back to School,60934,129268,1672,4189,498,48210.99,89832.15,0.86
2023-12-11,Instagram,Festive Bonanza,355218,548755,14748,28004,1981,70290.14,86407.79,0.23
2024-10-05,LinkedIn,Winter Giveaway,490287,542947,7584,43562,567,147941.53,329263.86,1.23
2023-11-02,YouTube,Brand Awareness,37152,144531,727,998,132,17572.45,30140.57,0.72
2024-08-07,Twitter,Black Friday,402595,562626,4123,32823,687,140632.2,292152.09,1.08
2023-09-10,YouTube,Brand Awareness,7637,50662,256,696,18,106617.22,224006.8,1.1
2024-02-07,LinkedIn,Brand Awareness,444978,550802,5103,32104,653,14250.21,20780.79,0.46
2022-11-03,Facebook,Mega Launch,374653,533352,7731,20628,1189,146609.56,211300.01,0.44
2022-04-11,LinkedIn,End of Season,120260,294624,5955,9487,1383,99770.08,126287.06,0.27
2024-02-11,YouTube,End of Season,192646,221321,4655,7259,819,38406.06,49609.67,0.29
2024-05-13,Facebook,New Year Blast,351479,467417,8465,15127,1616,102735.49,85098.15,-0.17
2022-10-21,Twitter,New Year Blast,379842,492402,4633,34418,445,6066.19,11986.33,0.98
2022-09-04,LinkedIn,Flash Sale,496105,599431,16952,31090,3998,82742.53,167099.92,1.02
2024-08-17,Twitter,Weekend Offer,139563,272341,6628,11736,833,66894.46,66155.71,-0.01
2023-12-09,Twitter,Christmas Special,45633,49950,1563,1118,228,145917.57,243893.33,0.67
2024-10-06,YouTube,Super Saver,333082,473759,11566,22422,2831,23715.33,30980.78,0.31
2024-03-30,LinkedIn,Super Saver,487603,503969,11447,23769,2944,6035.6,9514.77,0.58
2022-08-19,YouTube,Brand Awareness,126225,194142,2729,5262,540,19020.71,38512.69,1.02
2022-03-26,YouTube,New Year Blast,268312,314436,5812,20398,768,65089.22,155622.1,1.39
2022-05-27,Twitter,Valentine Offer,70184,109063,3357,1848,387,119838.99,296885.39,1.48
2022-04-05,Instagram,New Year Blast,149454,154479,3760,11272,314,13299.32,31688.26,1.38
2024-07-04,Instagram,Mega Launch,115084,199816,5264,3708,1479,90205.91,198002.52,1.2
2024-01-15,LinkedIn,End of Season,476678,596698,5763,23923,971,17610.22,23165.78,0.32
2023-01-08,YouTube,New Year Blast,217566,301334,8529,13046,1128,93478.42,224538.1,1.4
2022-11-25,Instagram,Flash Sale,278326,369695,3357,18896,695,35905.61,81656.59,1.27
2024-01-28,LinkedIn,Winter Giveaway,207278,232377,8639,16861,2452,23737.45,21320.02,-0.1
2022-07-15,YouTube,End of Season,253003,360805,4217,9169,932,93644.54,133973.06,0.43
2022-12-10,LinkedIn,Summer Sale,485534,638726,19461,44522,1391,88590.89,122389.91,0.38
2023-12-26,Instagram,Super Saver,470536,620537,5775,32316,1407,99003.14,165222.33,0.67
2024-11-16,Twitter,Valentine Offer,217986,416272,3167,5861,923,100699.05,147111.88,0.46
2024-11-27,LinkedIn,Christmas Special,171280,293824,8349,10792,1695,91941.6,159573.58,0.74
2022-06-07,Twitter,Winter Giveaway,303451,384731,6517,29824,518,81283.63,160064.35,0.97
2024-03-26,Twitter,Super Saver,97837,216907,1045,9586,139,25150.5,52071.74,1.07
2022-05-20,Facebook,Diwali Deals,436723,530692,10890,30121,3249,118007.95,199226.28,0.69
2022-05-02,Instagram,Festive Bonanza,343246,377331,4934,12994,748,76926.2,62556.64,-0.19
2022-02-14,Facebook,Summer Sale,144133,284814,4044,3983,527,127352.87,201543.48,0.58
2023-05-30,Facebook,Summer Sale,149962,233390,3878,14355,880,36913.06,45468.55,0.23
2024-10-24,Facebook,Winter Giveaway,142815,329687,6599,10746,653,109749.65,89178.86,-0.19
2023-12-18,LinkedIn,Diwali Deals,212383,282476,5710,20782,1239,65660.14,102132.55,0.56
2024-05-18,LinkedIn,Christmas Special,401343,425490,16773,19585,4233,113257.46,93031.25,-0.18
2022-09-19,Instagram,Festive Bonanza,391791,578375,4271,26091,982,6425.0,9609.3,0.5
2024-03-30,Twitter,Flash Sale,99202,143683,3573,3374,284,122685.92,159449.8,0.3
2023-03-18,Twitter,Back to School,330188,523290,15115,7639,2587,20140.23,35593.25,0.77
2024-08-27,Instagram,End of Season,388015,523494,4519,7932,483,42802.77,71954.69,0.68
2024-04-18,YouTube,Back to School,31505,69218,1454,2839,138,12419.0,14851.38,0.2
2024-04-18,YouTube,Valentine Offer,366541,371421,14351,30273,3296,51807.42,64178.15,0.24
2023-01-31,Instagram,Super Saver,118034,293439,5170,7570,1007,117502.2,255394.26,1.17
2022-08-02,Twitter,End of Season,221398,373786,10453,9835,2171,81662.56,70102.46,-0.14
2023-01-08,YouTube,Weekend Offer,180858,305569,4505,17519,906,67641.53,168994.53,1.5
2022-03-28,Instagram,Black Friday,323821,357751,11015,21325,2947,101705.64,127553.61,0.25
2022-06-30,YouTube,Festive Bonanza,340639,504643,7339,10197,858,12149.8,15037.99,0.24
2023-07-19,LinkedIn,Black Friday,433484,591119,11215,41660,2761,78514.94,139182.83,0.77
2022-12-15,YouTube,Brand Awareness,89146,138143,3965,6893,261,92419.47,176722.18,0.91
2024-09-19,YouTube,Winter Giveaway,323174,341683,6348,10624,919,18307.75,35839.63,0.96
2022-05-03,Instagram,Christmas Special,237034,265972,5853,7684,572,114010.22,205243.67,0.8
2023-12-04,LinkedIn,Valentine Offer,418905,547006,7196,17150,1135,66899.74,106861.79,0.6
2022-07-08,Facebook,Valentine Offer,36819,85598,869,2868,91,54043.49,127196.2,1.35
2023-01-22,Facebook,Diwali Deals,259957,332313,5651,16808,1535,49505.01,44408.98,-0.1
2022-09-28,LinkedIn,New Year Blast,336407,449443,11814,32251,2684,134170.66,209757.61,0.56
2024-01-17,YouTube,Valentine Offer,480573,524735,8554,20964,2148,88050.28,90981.13,0.03
2023-04-01,Instagram,Diwali Deals,131150,304667,1510,4605,415,115205.06,101714.86,-0.12
2024-12-17,Facebook,End of Season,316900,440763,15209,22303,2449,114202.23,232592.15,1.04
2024-06-04,YouTube,Black Friday,186062,315468,7404,7536,1486,7537.24,6657.7,-0.12
2023-11-09,YouTube,New Year Blast,446848,469424,7788,19686,991,44760.87,37833.42,-0.15
2024-09-14,Twitter,Back to School,464478,510156,13901,22252,3615,23285.97,23769.32,0.02
2023-06-21,Instagram,Diwali Deals,374792,457286,10732,19184,1483,54778.64,74420.62,0.36
2022-01-06,YouTube,Brand Awareness,169404,294885,2519,16781,723,122333.25,237793.07,0.94
2023-02-08,Twitter,New Year Blast,17224,78848,288,971,16,108271.93,118992.31,0.1
2024-09-08,Twitter,Super Saver,176929,368841,4352,14288,756,37231.0,42956.39,0.15
2022-08-31,Instagram,Valentine Offer,248466,273864,4087,22675,1040,63793.39,157758.0,1.47
2024-09-04,Facebook,Winter Giveaway,46256,155977,1700,3939,399,71381.72,88530.09,0.24
2022-02-18,Facebook,New Year Blast,355052,503683,10719,20389,2453,29468.67,72084.96,1.45
2023-05-13,YouTube,Festive Bonanza,187047,193194,3226,6812,348,32303.87,42523.19,0.32
2022-02-05,Instagram,Winter Giveaway,203360,263319,3882,6709,770,20547.25,31230.16,0.52
2023-09-11,YouTube,Festive Bonanza,232684,297352,8121,15184,1097,124113.33,173995.69,0.4
2024-07-02,Facebook,Diwali Deals,182763,208126,7561,5237,416,19901.4,21746.97,0.09
2024-02-24,Twitter,Christmas Special,387194,558656,9964,30831,598,31596.43,25644.59,-0.19
2024-06-28,LinkedIn,New Year Blast,26602,113547,1136,2509,57,20519.22,43648.26,1.13
2022-05-20,YouTube,Winter Giveaway,423061,513907,9361,39023,973,140745.6,337687.61,1.4
2024-12-28,YouTube,Brand Awareness,25104,150440,1179,601,203,43859.6,103103.13,1.35
2023-04-07,Instagram,Christmas Special,208141,328556,2762,18832,397,95879.24,100516.36,0.05
2023-12-21,LinkedIn,Weekend Offer,293642,491236,7093,19033,673,11698.49,20885.48,0.79
2024-08-11,Twitter,Brand Awareness,369655,463799,10837,32429,1427,101114.67,246847.47,1.44
2023-06-04,Twitter,Valentine Offer,289907,306640,12017,10450,3296,13955.55,28586.48,1.05
2023-08-02,Facebook,Mega Launch,489380,652814,24021,21848,6201,54622.7,134828.03,1.47
2023-03-06,Twitter,End of Season,442938,592558,19507,14277,3697,124023.11,158564.96,0.28
2024-03-19,Twitter,Christmas Special,349043,378761,15907,17571,1772,49354.75,80020.28,0.62
2024-03-22,Facebook,Back to School,63026,182168,2638,4402,584,89424.43,117126.89,0.31
2022-01-26,Instagram,Weekend Offer,200991,387532,2819,14446,837,134198.14,292972.65,1.18
2023-03-26,LinkedIn,Winter Giveaway,264425,370858,5349,14076,366,18566.11,15379.08,-0.17
2022-10-05,YouTube,Flash Sale,400229,486846,4492,28738,604,51402.34,85342.07,0.66
2024-04-04,Instagram,Summer Sale,86171,201322,1141,3021,317,54789.78,45610.77,-0.17
2022-07-30,LinkedIn,Back to School,176999,227852,3688,11652,865,113828.9,235502.17,1.07
2022-08-17,LinkedIn,New Year Blast,472310,547565,9609,37631,1003,55999.42,86704.27,0.55
2024-08-22,Instagram,Brand Awareness,427020,594882,15945,19452,2439,69972.4,114015.15,0.63
2022-04-27,Facebook,Super Saver,175534,195894,5492,13413,1026,87048.51,205302.62,1.36
2023-07-12,Facebook,Black Friday,70641,115888,1363,3358,139,94718.31,88926.82,-0.06
2023-03-22,YouTube,Brand Awareness,207821,288842,6947,14023,1469,97377.45,226668.91,1.33
2024-08-01,Facebook,End of Season,130580,242896,2722,4135,386,12366.38,19738.12,0.6
2024-07-09,YouTube,Valentine Offer,411578,610395,9268,13129,1204,60397.81,51216.67,-0.15
2024-04-17,Instagram,Summer Sale,466122,617859,9371,9650,1863,144520.87,352577.45,1.44
2022-05-01,Twitter,Diwali Deals,287752,369738,6552,27833,355,134408.02,125492.12,-0.07
2024-08-01,LinkedIn,Black Friday,300267,395613,12720,6033,1566,97113.42,84551.97,-0.13
2022-12-17,Facebook,End of Season,109143,254718,3202,2936,929,43984.25,109809.39,1.5
2023-05-21,Instagram,New Year Blast,104764,228121,5032,3511,1056,116611.06,254047.67,1.18
2022-10-10,Facebook,Flash Sale,394317,521259,7014,24825,705,16697.12,32442.37,0.94
2023-01-14,Facebook,Festive Bonanza,149258,297789,5818,8820,1251,34132.14,74022.46,1.17
2022-03-10,Instagram,Diwali Deals,484498,621758,13646,39369,1643,82949.27,147554.08,0.78
2022-04-25,Twitter,Mega Launch,144294,169368,6904,4285,1498,106697.72,87965.23,-0.18
2024-10-22,YouTube,Diwali Deals,424204,460711,5182,41592,1119,108487.41,237679.37,1.19
2023-10-22,Facebook,End of Season,205065,379753,5025,13342,704,51899.21,113799.3,1.19
2024-03-29,YouTube,Super Saver,102170,180877,4652,2963,1056,144539.02,243002.08,0.68
2022-09-18,Facebook,Black Friday,112724,249588,3561,5122,645,77771.08,122367.09,0.57
2022-07-19,Facebook,Festive Bonanza,456067,512378,18369,9452,1468,144648.65,341345.69,1.36
2023-12-29,Twitter,End of Season,370543,483656,10319,18339,2127,144320.27,336969.88,1.33
2024-03-14,Instagram,Christmas Special,377949,538861,7180,31389,1336,23386.26,53161.94,1.27
2023-03-29,Twitter,Winter Giveaway,226711,367998,8884,16460,1546,78390.28,171271.99,1.18
2023-02-05,Instagram,Flash Sale,365400,466937,14291,12008,3549,89737.41,193354.03,1.15
2023-08-12,Facebook,Winter Giveaway,478533,669722,12695,25417,2187,90245.84,215571.9,1.39
2022-01-17,LinkedIn,Flash Sale,99533,142487,4698,2602,779,53436.6,52453.14,-0.02
2022-12-10,YouTube,Flash Sale,202466,358307,2468,14029,344,49527.72,42582.48,-0.14
2024-10-14,Twitter,Summer Sale,164472,177425,3919,10440,979,31743.1,52242.09,0.65
2023-02-08,Instagram,Valentine Offer,367120,396371,8203,12266,668,75945.49,97692.7,0.29
2024-02-08,YouTube,Black Friday,368308,511082,12111,22751,1749,33738.48,77142.25,1.29
2024-03-24,Facebook,Christmas Special,54111,144513,1531,3747,299,30885.37,50594.91,0.64
2024-02-07,Facebook,Back to School,180212,285338,8447,15726,2494,51622.29,44338.71,-0.14
2024-11-26,Facebook,End of Season,384387,473677,8258,13646,1327,110652.37,187856.27,0.7
2024-07-14,YouTube,Mega Launch,57066,169916,2552,5011,559,119074.84,198442.31,0.67
2023-08-22,LinkedIn,Mega Launch,491926,522012,22241,45116,5748,83250.96,77566.76,-0.07
2022-03-25,Twitter,Festive Bonanza,193629,308086,5173,7734,316,121264.76,193154.97,0.59
2022-05-03,YouTube,Flash Sale,344172,381285,5927,22240,857,8983.23,13350.55,0.49
2024-06-23,LinkedIn,Flash Sale,260678,420249,11732,18602,2021,103595.9,118605.33,0.14
2024-11-04,LinkedIn,Black Friday,313372,318143,11696,28774,1401,110838.91,256134.21,1.31
2024-04-25,Instagram,End of Season,485674,564598,18825,33208,1183,45504.23,64978.45,0.43
2022-08-14,LinkedIn,Mega Launch,165355,267742,7009,5164,1119,109843.28,182689.0,0.66
2023-10-09,Twitter,Weekend Offer,44339,202168,1419,2325,395,48096.05,49566.12,0.03
2024-04-29,YouTube,Back to School,461983,620524,5932,17086,1366,5316.7,10025.93,0.89
2024-11-13,Instagram,Valentine Offer,136627,158950,6798,4118,1006,93584.33,75069.21,-0.2
2024-01-16,LinkedIn,Festive Bonanza,445924,574965,15077,16291,3266,119397.04,233903.02,0.96
2022-04-28,YouTube,Diwali Deals,397647,406289,18411,30740,1912,121459.72,128844.7,0.06
2022-03-04,Facebook,End of Season,241836,393370,5401,19018,745,11847.61,13031.75,0.1
2023-05-01,Twitter,Brand Awareness,187225,238764,5055,10296,1282,76525.72,61735.74,-0.19
2024-05-25,Facebook,Brand Awareness,27419,202069,653,1419,98,61650.56,119103.48,0.93
2023-03-31,Facebook,Brand Awareness,369946,504123,6267,16728,522,29534.44,33043.02,0.12
2024-03-03,Twitter,Weekend Offer,332275,397555,6432,25195,655,53934.17,44805.16,-0.17
2022-11-20,LinkedIn,Summer Sale,330374,495426,4961,18877,1176,133009.36,213358.19,0.6
2024-11-11,LinkedIn,Diwali Deals,127984,142761,6144,6404,1069,48944.54,92259.55,0.88
2023-12-14,Facebook,Super Saver,414824,544537,4885,24915,426,117386.86,218021.73,0.86
2023-09-15,Twitter,Christmas Special,372719,489155,15905,27389,2997,14054.42,20417.0,0.45
2023-05-25,YouTube,New Year Blast,474885,490996,11267,11274,1785,109091.23,271360.45,1.49
2024-02-03,Facebook,Weekend Offer,63645,174863,2347,2078,351,96522.27,104065.3,0.08
2024-04-01,YouTube,Flash Sale,373987,507890,5308,35990,1367,122275.92,173021.18,0.42
2022-11-04,YouTube,End of Season,105128,116811,5111,7426,659,50611.8,47748.72,-0.06
2022-04-25,Instagram,Super Saver,414664,425155,17258,39314,2277,33034.19,79819.39,1.42
2022-07-14,LinkedIn,Mega Launch,127761,285329,1965,4024,215,43752.51,66353.7,0.52
2024-09-25,Instagram,Back to School,85771,274415,1654,2494,372,98559.46,187918.59,0.91
2024-05-04,Twitter,Festive Bonanza,378839,547397,3809,9076,1032,106190.34,133377.79,0.26
2022-07-11,LinkedIn,Winter Giveaway,79123,267521,3478,6696,739,117501.48,183247.35,0.56
2022-03-31,Instagram,End of Season,345321,388285,17097,19632,1198,72530.21,87646.7,0.21
2022-05-21,YouTube,Valentine Offer,492707,585798,22989,26981,1611,13715.74,32329.23,1.36
2022-12-23,Instagram,Winter Giveaway,426831,435734,19897,26276,2008,112489.76,248257.86,1.21
2022-08-28,Facebook,Flash Sale,196285,239657,9782,4592,2369,98611.4,228433.31,1.32
2024-04-18,LinkedIn,Weekend Offer,358388,543232,6773,22512,935,17780.63,26728.4,0.5
2023-08-26,Instagram,Weekend Offer,23768,205801,440,1736,48,52781.91,81760.51,0.55
2024-05-30,LinkedIn,Weekend Offer,90468,130399,3479,7073,380,133846.9,181954.88,0.36
2022-06-15,YouTube,Super Saver,75248,186742,1254,6512,140,33877.75,51567.02,0.52
2023-01-31,Instagram,Winter Giveaway,406809,556239,4291,12749,847,133679.05,138146.03,0.03
2022-08-14,Instagram,Weekend Offer,123724,292291,5165,5277,1367,111540.46,137043.6,0.23
2024-04-23,YouTube,Mega Launch,300493,348591,13135,6141,3494,21637.58,21949.9,0.01
2024-09-02,LinkedIn,Festive Bonanza,73274,182127,770,2781,215,149922.84,278562.5,0.86
2022-06-10,LinkedIn,Black Friday,170803,308028,3997,4382,1088,67399.76,90619.51,0.34
2024-04-03,Instagram,Super Saver,326154,351639,10640,32540,1599,105210.35,242134.07,1.3
2024-04-06,Facebook,Summer Sale,282331,287316,13107,25209,2921,15229.76,36366.48,1.39
2022-08-16,Facebook,Flash Sale,257773,275994,7161,22225,1671,114296.39,212295.9,0.86
2024-05-21,Twitter,Diwali Deals,107951,217257,3720,8801,505,6456.81,7304.13,0.13
2024-07-02,Twitter,Flash Sale,243886,418453,7222,15512,2133,48344.29,72438.5,0.5
2022-02-18,Twitter,Diwali Deals,87212,163591,1407,6150,94,26057.63,44072.19,0.69
2023-08-28,Instagram,Winter Giveaway,382721,567808,9981,11054,533,122105.75,257826.86,1.11
2023-03-17,YouTube,Winter Giveaway,306033,358461,15258,10559,1865,131745.82,112218.23,-0.15
2024-09-15,YouTube,Christmas Special,486153,513111,15627,29491,2903,111896.79,208847.98,0.87
2022-01-29,Facebook,Super Saver,80791,124197,3659,5279,586,8598.5,19087.94,1.22
2022-08-17,Facebook,End of Season,90501,208951,3936,5847,768,36963.49,87713.99,1.37
2022-11-22,LinkedIn,Super Saver,282354,463936,6600,11553,653,32332.48,70111.16,1.17
2022-06-14,YouTube,Mega Launch,437925,498771,17843,36008,4737,25943.29,40251.34,0.55
2023-04-26,Instagram,Super Saver,311020,406567,11238,23679,3074,8754.93,11248.86,0.28
2023-02-05,YouTube,Festive Bonanza,421740,429805,9133,31618,1053,93140.11,138380.06,0.49
2024-10-26,Twitter,Diwali Deals,251476,354866,3179,19634,213,132782.42,123805.57,-0.07
2023-09-24,Twitter,Super Saver,39523,237650,1762,3224,362,141576.31,291258.93,1.06
2023-07-12,Instagram,Flash Sale,113684,179484,1724,8827,462,70824.03,92979.61,0.31
2024-01-21,LinkedIn,Christmas Special,393464,551741,13120,38124,1358,22037.77,27071.13,0.23
2023-04-22,LinkedIn,New Year Blast,286383,428871,6275,22167,760,122030.52,206181.13,0.69
2022-07-21,Facebook,Flash Sale,485123,500814,9162,20496,480,17578.55,32155.66,0.83
2024-03-15,Instagram,Black Friday,128313,298294,6251,6237,1460,66291.87,75671.59,0.14
2022-06-25,YouTube,Black Friday,381053,395079,13131,27269,1995,146039.87,187797.12,0.29
2024-02-18,Twitter,Brand Awareness,40825,58759,1886,2131,145,84652.32,201527.2,1.38
2022-11-10,Instagram,Christmas Special,389822,447394,16162,19837,3555,103263.82,122413.91,0.19
2024-03-21,LinkedIn,Back to School,392902,530296,17861,37157,1496,134957.22,265286.99,0.97
2024-10-06,Facebook,Valentine Offer,276731,384740,8758,14792,2394,14508.97,29598.39,1.04
2024-12-24,Facebook,Back to School,353928,390210,7508,26746,1546,120414.94,158921.88,0.32
2023-01-31,Twitter,Valentine Offer,391688,426765,4780,19888,262,125442.19,222191.5,0.77
2023-10-26,Facebook,Valentine Offer,493783,675428,14902,21635,3379,130338.43,172819.19,0.33
2024-04-28,Facebook,Black Friday,428206,558271,14421,42640,3707,35129.62,75817.19,1.16
2024-06-28,Twitter,Christmas Special,437681,454456,15415,37850,2209,109338.99,154176.37,0.41
2023-09-26,Facebook,Valentine Offer,347864,546141,16141,32275,1773,59948.61,78814.73,0.31
2024-03-12,Instagram,New Year Blast,486864,549643,10552,23003,2930,37961.7,52262.0,0.38
2024-06-23,Instagram,Black Friday,54297,115404,1415,1383,236,65190.54,62053.43,-0.05
2023-09-30,YouTube,New Year Blast,5370,120582,263,271,76,17999.57,24722.6,0.37
2024-08-14,YouTube,New Year Blast,426441,473294,20886,40803,2149,6596.94,9950.04,0.51
2022-02-06,Twitter,Super Saver,213472,314772,3559,20647,1032,141074.91,153891.02,0.09
2023-06-24,LinkedIn,End of Season,314222,346335,3974,21685,794,67913.77,140643.65,1.07
2023-03-17,YouTube,End of Season,211329,289022,4480,10922,1318,30260.55,73742.41,1.44
2024-09-13,Instagram,Black Friday,217854,244615,5440,17677,331,14162.3,25731.75,0.82
2023-12-01,YouTube,Christmas Special,479081,581518,16402,30074,3031,38682.0,88899.2,1.3
2024-11-17,Twitter,Weekend Offer,262231,309002,3440,19683,913,111835.21,175671.6,0.57
2024-04-29,Facebook,Brand Awareness,432686,583143,15465,40713,2712,131838.33,315861.28,1.4
2023-01-15,Instagram,Valentine Offer,67182,160658,1960,5108,437,62779.42,84046.08,0.34
2023-08-15,Instagram,Mega Launch,278118,391268,8396,21578,2252,57958.05,99120.01,0.71
2024-03-09,Instagram,Christmas Special,118096,226508,3936,9214,737,12904.22,24945.07,0.93
2023-07-14,Instagram,Valentine Offer,98476,214036,4187,8468,1098,129627.93,260115.89,1.01
2024-03-12,LinkedIn,Brand Awareness,315109,401378,11156,16271,906,33600.19,39077.48,0.16
2022-01-01,YouTube,Back to School,116023,284240,4561,5505,374,58162.47,107746.35,0.85
2023-09-21,LinkedIn,Festive Bonanza,146203,213527,6407,5813,1697,17384.23,40784.35,1.35
2024-01-29,Twitter,Super Saver,56644,89713,2212,3035,468,136719.47,290965.57,1.13
2024-01-23,YouTube,Flash Sale,25431,214236,406,1635,94,96913.97,89378.08,-0.08
2023-06-15,Facebook,Brand Awareness,54832,96763,2618,2825,273,27082.09,33818.99,0.25
2023-11-12,YouTube,Christmas Special,31708,51555,1010,3163,249,46312.42,74705.74,0.61
2024-08-07,Facebook,Mega Launch,27948,121212,608,1713,128,128895.99,104187.09,-0.19
2022-09-27,Twitter,Super Saver,282392,307618,11464,15193,2559,74171.99,164612.05,1.22
2023-02-22,Instagram,Black Friday,278438,305863,5959,13417,482,51408.64,77987.74,0.52
2022-09-10,LinkedIn,Back to School,283235,404178,11246,5666,1821,12590.34,15016.06,0.19
2024-07-01,LinkedIn,End of Season,151109,219530,6769,12513,628,99025.96,143124.09,0.45
2024-08-05,Twitter,Flash Sale,319027,407113,3283,9367,723,12027.31,13921.24,0.16
2024-05-01,Twitter,Festive Bonanza,486930,516806,8013,29709,1499,45859.79,92974.82,1.03
2023-02-14,Facebook,Super Saver,479587,615005,16135,42603,3431,77202.55,102452.25,0.33
2022-05-22,YouTube,Festive Bonanza,12310,179549,155,1158,30,24792.94,29472.37,0.19
2024-02-02,Facebook,New Year Blast,84071,257145,3151,6803,793,123812.74,174786.73,0.41
2024-12-18,YouTube,New Year Blast,498630,664427,12132,10532,1936,51261.37,125449.15,1.45
2024-04-29,Twitter,Weekend Offer,80542,189779,1410,5418,370,100768.11,161268.07,0.6
2024-01-16,Instagram,Black Friday,153395,205157,3258,12243,725,116830.25,101172.89,-0.13
2024-12-25,Twitter,New Year Blast,37583,167375,932,2871,143,73523.5,168485.9,1.29
2022-03-02,Instagram,Back to School,103575,233844,5111,7973,959,39792.59,37474.45,-0.06
2023-05-10,Instagram,Valentine Offer,339402,381371,7538,12394,998,39269.7,75566.5,0.92
2024-08-28,Instagram,Diwali Deals,197070,298504,8170,16604,756,55185.73,122568.07,1.22
2024-06-05,Twitter,Weekend Offer,442779,474407,14285,12991,1904,92965.92,186444.66,1.01
2024-02-02,YouTube,End of Season,332692,527127,14488,28975,3847,38084.06,78378.15,1.06
2024-12-10,Instagram,Super Saver,191023,273741,2530,7610,425,147726.69,214487.03,0.45
2022-05-28,Instagram,Super Saver,224499,340133,10063,10100,2534,82965.36,159970.66,0.93
2022-09-25,YouTube,End of Season,157586,346690,5796,9600,1401,104791.74,223679.19,1.13
2024-11-03,Instagram,New Year Blast,99488,176079,1830,6473,195,139831.22,226869.82,0.62
2023-09-22,Facebook,New Year Blast,203017,277758,2286,19765,458,141779.97,238813.02,0.68
2023-04-09,YouTube,Back to School,437750,460436,16039,37498,4290,40132.53,95179.92,1.37
2023-05-12,Twitter,Winter Giveaway,19915,21824,645,770,137,121813.2,109518.35,-0.1
2023-07-29,Instagram,New Year Blast,212193,274457,3816,6150,908,71709.3,93656.21,0.31
2023-10-26,YouTube,Back to School,463762,643663,13867,45046,1277,138867.44,273815.33,0.97
2024-11-06,Twitter,Brand Awareness,330438,510866,5093,26028,1487,99863.35,126649.78,0.27
2022-07-23,YouTube,Weekend Offer,175923,215185,3624,14835,456,50347.46,81878.82,0.63
2022-04-15,Facebook,Brand Awareness,74103,161371,1035,2663,87,138151.33,206352.33,0.49
2022-04-11,Twitter,Festive Bonanza,481910,628710,16825,39183,932,21424.11,45288.36,1.11
2023-03-18,Facebook,Weekend Offer,122408,235551,1501,10189,437,114088.6,268074.56,1.35
2024-04-17,Facebook,Flash Sale,150720,152084,3307,8972,433,117266.42,224629.11,0.92
2024-02-28,Twitter,Valentine Offer,254720,382559,3320,17891,530,16185.93,21374.06,0.32
2023-02-16,YouTube,Black Friday,152937,256528,4166,9860,314,51175.54,104530.01,1.04
2023-08-08,YouTube,Festive Bonanza,136937,280182,2930,8067,749,77437.14,119676.28,0.55
2024-05-09,Facebook,Back to School,239748,425080,11688,4942,2338,56676.62,55067.63,-0.03
2023-01-11,Facebook,Mega Launch,298219,460988,12098,27740,2207,64386.33,136894.53,1.13
2023-12-09,Facebook,End of Season,452454,620476,15533,28593,3256,41941.3,98758.95,1.35
2023-06-23,Instagram,Valentine Offer,219709,397093,7505,11801,1245,133559.25,166569.95,0.25
2023-11-08,LinkedIn,Christmas Special,309647,368540,15302,21513,1123,80167.95,79481.37,-0.01
2024-03-08,YouTube,Winter Giveaway,60006,148244,2858,5582,833,120226.12,189444.94,0.58
2024-11-12,YouTube,Back to School,48013,131613,2371,1754,320,20575.08,19998.53,-0.03
2022-11-23,LinkedIn,Christmas Special,136832,161974,5061,11964,1159,83409.84,203982.82,1.45
2022-03-14,Facebook,Festive Bonanza,84472,258573,1117,3944,157,11680.03,20143.29,0.72
2023-06-27,Twitter,Mega Launch,12928,61930,570,1168,29,123817.04,289668.68,1.34
2023-09-18,LinkedIn,Diwali Deals,280429,423474,11086,8614,760,28620.88,62425.09,1.18
2024-01-17,Facebook,Weekend Offer,101213,123087,2109,2210,441,12323.58,10778.18,-0.13
2022-08-28,YouTube,Super Saver,110736,136450,3613,6939,377,5058.22,10976.41,1.17
2024-09-08,YouTube,Christmas Special,437986,464443,10510,33974,1979,134868.4,136818.63,0.01
2022-10-15,Facebook,Winter Giveaway,319281,320840,3905,10978,1043,48711.15,46799.03,-0.04
2022-09-14,Instagram,Christmas Special,430760,431797,14571,21312,1188,25372.36,47150.32,0.86
2023-01-18,Instagram,Weekend Offer,198080,288600,7147,15552,789,142521.65,318135.26,1.23
2022-03-10,Instagram,New Year Blast,458400,525192,5255,42425,1007,134889.97,257696.26,0.91
2023-02-17,Facebook,Valentine Offer,459472,495215,7810,23456,1779,44832.23,103525.58,1.31
2024-04-23,Twitter,Festive Bonanza,386361,532299,10063,37362,1479,9525.97,23278.34,1.44
2023-02-21,LinkedIn,Winter Giveaway,122907,255615,5004,4879,1353,99961.53,155205.38,0.55
2023-12-14,Twitter,New Year Blast,133381,230088,4977,10440,786,112710.54,216934.52,0.92
2022-01-12,Instagram,Flash Sale,205940,350014,5959,19818,1778,118619.66,280817.66,1.37
2024-03-30,Instagram,Christmas Special,332370,378537,15566,8492,2432,75951.8,126944.29,0.67
2024-07-14,LinkedIn,End of Season,268653,359146,4264,22636,327,85718.9,162676.54,0.9
2023-10-06,YouTube,Brand Awareness,287488,406987,7116,26350,435,142137.33,161337.28,0.14
2022-03-04,Twitter,New Year Blast,467251,565374,16362,35365,2163,74619.57,107038.23,0.43
2023-04-06,LinkedIn,Super Saver,476503,601294,19479,43323,3384,48218.35,73210.74,0.52
2022-12-03,LinkedIn,Weekend Offer,329595,376303,4593,10693,1133,104162.13,172193.38,0.65
2023-07-27,Facebook,Valentine Offer,171129,343339,7373,7294,1853,146501.28,188494.46,0.29
2023-01-19,YouTube,Weekend Offer,229749,308619,4963,10562,370,7665.24,15118.81,0.97
2024-04-20,Facebook,New Year Blast,277990,415961,6897,6124,1109,57723.66,67454.96,0.17
2024-04-05,Instagram,New Year Blast,188206,195289,6288,4320,1285,79839.55,105246.48,0.32
2022-02-21,Facebook,Flash Sale,320315,471909,13043,21041,1323,108547.28,123049.01,0.13
2024-12-27,Facebook,Mega Launch,19260,216471,242,1668,26,19589.9,25983.54,0.33
2024-09-28,Facebook,New Year Blast,89258,205446,3125,6359,726,8341.83,19390.33,1.32
2023-04-12,YouTube,End of Season,264488,344435,6928,14469,1235,117423.13,183908.14,0.57
2023-02-21,LinkedIn,Winter Giveaway,227036,398682,10913,15056,2303,82779.51,127741.35,0.54
2022-10-21,LinkedIn,End of Season,19318,71252,643,1858,92,51470.6,128352.47,1.49
2024-02-29,Instagram,End of Season,372482,413559,18103,11688,4841,60612.5,134696.39,1.22
2022-02-24,LinkedIn,Black Friday,235822,393910,8826,18737,2135,131265.59,219433.38,0.67
2023-07-12,Instagram,Super Saver,461243,585594,10829,10726,1129,69777.23,96504.92,0.38
2023-04-12,YouTube,Super Saver,310888,429617,11268,12608,2167,143885.38,331281.04,1.3
2023-12-04,YouTube,Super Saver,405022,510755,12173,36661,2239,16359.04,15105.56,-0.08
2024-08-22,Instagram,Mega Launch,160260,220090,5621,15624,1210,145869.87,185197.29,0.27
2023-09-26,Facebook,New Year Blast,351883,415385,10173,8221,796,31960.38,37758.87,0.18
2024-12-21,Twitter,Brand Awareness,328595,367291,6173,9261,1446,109568.09,210177.99,0.92
2023-06-12,Facebook,Weekend Offer,317188,375918,12612,17063,2407,84404.33,159424.72,0.89
2023-12-12,YouTube,Summer Sale,413366,468531,13796,35274,3204,124877.65,276267.39,1.21
2023-04-18,Instagram,Valentine Offer,238746,388975,5948,8590,786,144393.52,228177.65,0.58
2022-03-30,Twitter,Weekend Offer,462811,542021,14954,31609,1924,77584.23,174913.73,1.25
2024-09-03,YouTube,Super Saver,464384,609736,19389,46323,5068,81644.71,177824.35,1.18
2024-11-26,Instagram,Christmas Special,267070,309410,5752,15924,452,111307.19,106843.96,-0.04
2024-09-06,Instagram,Brand Awareness,287191,373884,5498,12361,910,75775.14,141833.01,0.87
2022-04-07,LinkedIn,Diwali Deals,43165,55693,439,1319,47,82510.41,160707.24,0.95
2024-10-28,Facebook,Super Saver,55298,110602,2088,5404,621,141879.41,125042.01,-0.12
2023-11-20,Facebook,New Year Blast,478426,530039,16492,43495,1210,38540.56,78979.08,1.05
2023-11-11,LinkedIn,Valentine Offer,120377,243093,2372,3359,348,32246.02,60047.0,0.86
2024-11-27,Instagram,Winter Giveaway,410325,457127,6587,10803,1148,97588.84,86465.14,-0.11
2022-12-11,YouTube,Back to School,293516,487295,9247,13808,2224,55356.71,108376.55,0.96
2023-01-28,Instagram,Valentine Offer,239417,251709,8576,12814,2063,10937.97,18555.65,0.7
2022-03-08,YouTube,Weekend Offer,397002,499400,13160,30197,2942,23668.34,41346.5,0.75
2023-04-18,YouTube,End of Season,289257,290951,10699,21373,850,114615.05,216430.99,0.89
